SYMBOL,SECTOR
3IINFOTECH,COMPUTERS - SOFTWARE
ABCIL,CHEMICALS
ACROPETAL,COMPUTERS - SOFTWARE
ADHUNIK,STEEL - SPONGE IRON
ADSL,COMPUTERS - SOFTWARE MEDIUM/SMALL
AFTEK,COMPUTERS - SOFTWARE MEDIUM/SMALL
AHLUCONT,CONSTRUCTION & CONTRACTING - CIVIL
ALPHAGEO,OIL DRILLING AND EXPLORATION
AMAR,BREWERIES & DISTILLERIES
ANIKINDS,EDIBLE OILS & SOLVENT EXTRACTION
APLAB,TELECOMMUNICATIONS - EQUIPMENT
ARSSINFRA,CONSTRUCTION & CONTRACTING - CIVIL
ASIANELEC,ELECTRICALS
AUSTRAL,MISCELLANEOUS
BARTRONICS,MISCELLANEOUS
BEPL,PETROCHEMICALS
BHARTISHIP,SHIPPING
BINDALAGRO,FERTILISERS
BIRLACOT,TEXTILES - SPINNING - SYNTHETIC BLENDED
BIRLAMONEY,FINANCE - GENERAL
BIRLAPOWER,ELECTRIC EQUIPMENT
BRANDHOUSE,RETAIL
BSELINFRA,CONSTRUCTION & CONTRACTING - HOUSING
CEREBRAINT,COMPUTERS - HARDWARE
CHROMATIC,DYES & PIGMENTS
CLUTCHAUTO,AUTO ANCILLARIES
DRDATSONS,PHARMACEUTICALS
DYNATECH,COMPUTERS - SOFTWARE
EKC,PACKAGING
ESSARSHPNG,SHIPPING
ESTER,PACKAGING
EXCELCROP,PESTICIDES/AGRO CHEMICALS
FARMAXIND,TRADING
FCSSOFT,COMPUTERS - SOFTWARE MEDIUM/SMALL
FMNL,MISCELLANEOUS
FOURSOFT,COMPUTERS - SOFTWARE MEDIUM/SMALL
GAMMONIND,CONSTRUCTION & CONTRACTING - CIVIL
GARDENSILK,TEXTILES - WEAVING
GEMINI,MISCELLANEOUS
GEODESIC,COMPUTERS - SOFTWARE
GINNIFILA,TEXTILES - SPINNING - COTTON BLENDED
GKB,PERSONAL CARE
GLODYNE,COMPUTERS - SOFTWARE MEDIUM/SMALL
GOKEX,TEXTILES - READYMADE APPARELS
GOLDENTOBC,CIGARETTES
GREENFIRE,COMPUTERS - SOFTWARE MEDIUM/SMALL
HANUNG,MISCELLANEOUS
HINDOILEXP,OIL DRILLING AND EXPLORATION
HOVS,COMPUTERS - SOFTWARE MEDIUM/SMALL
IBWSL,MISCELLANEOUS
ICIL,TEXTILES - SPINNING - COTTON BLENDED
ICSA,COMPUTERS - SOFTWARE
INDBANK,FINANCE - GENERAL
INDOSOLAR,MISCELLANEOUS
INDSWFTLAB,PHARMACEUTICALS
INDSWFTLTD,PHARMACEUTICALS
INFODRIVE,COMPUTERS - SOFTWARE MEDIUM/SMALL
INVENTURE,FINANCE - INVESTMENTS
JCTEL,ELECTRICALS
JIKIND,TRADING
JPOLYINVST,FINANCE - GENERAL
KGL,MISCELLANEOUS
KIRIINDUS,DYES & PIGMENTS
KLGSYSTEL,COMPUTERS - SOFTWARE MEDIUM/SMALL
KOPDRUGS,PHARMACEUTICALS
KOVAI,HOSPITALS & MEDICAL SERVICES
LAKSHMIFIN,FINANCE - GENERAL
LOTUSEYE,HOSPITALS & MEDICAL SERVICES
MARG,CONSTRUCTION & CONTRACTING - HOUSING
MEGASOFT,COMPUTERS - SOFTWARE MEDIUM/SMALL
MELSTAR,COMPUTERS - SOFTWARE MEDIUM/SMALL
MERCATOR,SHIPPING
MIC,TELECOMMUNICATIONS - EQUIPMENT
MICROTECH,COMPUTERS - SOFTWARE MEDIUM/SMALL
MIRCELECTR,CONSUMER GOODS - ELECTRONIC
MOREPENLAB,PHARMACEUTICALS
MUKANDLTD,STEEL - MEDIUM / SMALL
MUKTAARTS,MEDIA & ENTERTAINMENT
MVL,CONSTRUCTION & CONTRACTING - REAL ESTATE
NEHAINT,MISCELLANEOUS
NGCT,COMPUTERS - SOFTWARE MEDIUM/SMALL
NITCO,CERAMICS/GRANITE
NITESHEST,CONSTRUCTION & CONTRACTING - REAL ESTATE
PARABDRUGS,PHARMACEUTICALS
PARASPETRO,TEXTILES - MANMADE
PBAINFRA,CONSTRUCTION & CONTRACTING - CIVIL
PETRONENGG,ENGINEERING
PILANIINV,FINANCE - GENERAL
PIRPHYTO,PHARMACEUTICALS
PNC,FINANCE - INVESTMENTS
PRADIP,TEXTILES - WEAVING
PRESSMN,MEDIA & ENTERTAINMENT
PROZONECSC,RETAIL
PUNJABCHEM,CHEMICALS
RAJOIL,EDIBLE OILS & SOLVENT EXTRACTION
RAMKY,CONSTRUCTION & CONTRACTING - CIVIL
RBN,MEDIA & ENTERTAINMENT
REFEX,CHEMICALS
REISIXTEN,RETAIL
RMMIL,MINING/MINERALS
SALSTEEL,STEEL - MEDIUM / SMALL
SAMTEL,ELECTRICALS
SANGHVIFOR,CASTINGS & FORGINGS
SHIV-VANI,OIL DRILLING AND EXPLORATION
SHLAKSHMI,TEXTILES - PROCESSING
SHREEASHTA,MEDIA & ENTERTAINMENT
SHYAMTEL,TELECOMMUNICATIONS - EQUIPMENT
SKUMARSYNF,TEXTILES - SYNTHETIC/SILK
SMPL,STEEL - ROLLING
SOUISPAT,STEEL - ROLLING
SPLIL,TEXTILES - READYMADE APPARELS
SPMLINFRA,CONSTRUCTION & CONTRACTING - CIVIL
SRGINFOTEC,COMPUTERS - SOFTWARE MEDIUM/SMALL
SUBEX,COMPUTERS - SOFTWARE MEDIUM/SMALL
SURYAPHARM,PHARMACEUTICALS
TANLA,COMPUTERS - SOFTWARE MEDIUM/SMALL
TARAPUR,POWER - TRANSMISSION/EQUIPMENT
TATAMETALI,STEEL - PIG IRON
TCIDEVELOP,CONSTRUCTION & CONTRACTING - REAL ESTATE
TCPLTD,CHEMICALS
TECPRO,ENGINEERING - HEAVY
TNTELE,CABLES - TELEPHONE
TOKYOPLAST,PLASTICS
TRICOM,COMPUTERS - SOFTWARE MEDIUM/SMALL
TWILITAKA,PHARMACEUTICALS
UTTAMSUGAR,SUGAR
V2RETAIL,TRADING
VMART,RETAIL
WANBURY,PHARMACEUTICALS
WEBELSOLAR,MISCELLANEOUS
WILLAMAGOR,FINANCE - INVESTMENTS
XCHANGING,COMPUTERS - SOFTWARE MEDIUM/SMALL
ZENITHBIR,STEEL - TUBES/PIPES
ZENITHINFO,COMPUTERS - SOFTWARE MEDIUM/SMALL
JAICORPLTD,STEEL - GP/GC SHEETS
STAN,ENGINEERING
20MICRONS,MINING/MINERALS
3MINDIA,DIVERSIFIED
A2ZMES,POWER - TRANSMISSION/EQUIPMENT
AARTIDRUGS,PHARMACEUTICALS
AARTIIND,CHEMICALS
AARVEEDEN,TEXTILES - DENIM
ABAN,OIL DRILLING AND EXPLORATION
ABB,PHARMACEUTICALS
ABBOTINDIA,PHARMACEUTICALS
ABGSHIP,SHIPPING
ABIRLANUVO,TEXTILES - MANMADE
ACC,TRADING
ACCELYA,COMPUTERS - SOFTWARE MEDIUM/SMALL
ACE,COMPUTERS - SOFTWARE MEDIUM/SMALL
ADANIENT,TRADING
ADANIPORTS,INFRASTRUCTURE - GENERAL
ADANIPOWER,POWER - GENERATION/DISTRIBUTION
ADFFOODS,FOOD PROCESSING
ADORWELD,ELECTRODES/GRAPHITE
ADVANIHOTR,HOTELS
ADVANTA,MISCELLANEOUS
AEGISCHEM,TRANSPORT & LOGISTICS
AFL,COMPUTERS - SOFTWARE MEDIUM/SMALL
AGCNET,COMPUTERS - SOFTWARE
AGRODUTCH,FOOD PROCESSING
AHLEAST,HOTELS
AHLWEST,HOTELS
AHMEDFORGE,CASTINGS & FORGINGS
AIAENG,ENGINEERING - HEAVY
AIL,POWER - TRANSMISSION/EQUIPMENT
AJANTPHARM,PHARMACEUTICALS
AJMERA,STEEL - GP/GC SHEETS
AKSHOPTFBR,CABLES - TELEPHONE
AKZOINDIA,PAINTS/VARNISHES
ALBK,BANKS - PUBLIC SECTOR
ALCHEM,PESTICIDES/AGRO CHEMICALS
ALEMBICLTD,PHARMACEUTICALS
ALKALI,CHEMICALS
ALKYLAMINE,CHEMICALS
ALLCARGO,TRANSPORT & LOGISTICS
ALOKTEXT,TEXTILES - WEAVING
ALPSINDUS,TEXTILES - GENERAL
ALSTOMT&D,POWER - TRANSMISSION/EQUIPMENT
AMARAJABAT,AUTO ANCILLARIES
AMARJOTHI,TEXTILES - SPINNING - COTTON BLENDED
AMBUJACEM,CEMENT - MAJOR
AMDIND,PACKAGING
AMRUTANJAN,PHARMACEUTICALS
AMTEKAUTO,AUTO ANCILLARIES
AMTEKINDIA,AUTO ANCILLARIES
AMTL,POWER - GENERATION/DISTRIBUTION
ANANTRAJ,CONSTRUCTION & CONTRACTING - REAL ESTATE
ANDHRABANK,BANKS - PUBLIC SECTOR
ANDHRACEMT,CEMENT - MAJOR
ANDHRSUGAR,SUGAR
ANKITMETAL,STEEL - SPONGE IRON
ANSALAPI,CONSTRUCTION & CONTRACTING - HOUSING
ANSALHSG,CONSTRUCTION & CONTRACTING - HOUSING
ANTGRAPHIC,PRINTING & STATIONERY
APARINDS,RUBBER
APCOTEXIND,RUBBER
APLAPOLLO,STEEL - TUBES/PIPES
APLLTD,PHARMACEUTICALS
APOLLOHOSP,HOSPITALS & MEDICAL SERVICES
APOLLOTYRE,TYRES
APPAPER,PAPER
APTECHT,COMPUTERS - SOFTWARE - TRAINING
AQUA,AQUACULTURE
ARCHIDPLY,MISCELLANEOUS
ARCHIES,PRINTING & STATIONERY
ARIES,MISCELLANEOUS
ARROWTEX,TEXTILES - WEAVING
ARSHIYA,TRANSPORT & LOGISTICS
ARVIND,TEXTILES - DENIM
ARVINDREM,PHARMACEUTICALS
ASAHIINDIA,GLASS & GLASS PRODUCTS
ASAHISONG,DYES & PIGMENTS
ASAL,AUTO ANCILLARIES
ASHAPURMIN,MINING/MINERALS
ASHIANA,CONSTRUCTION & CONTRACTING - HOUSING
ASHIMASYN,TEXTILES - SPINNING - COTTON BLENDED
ASHOKA,MISCELLANEOUS
ASHOKLEY,AUTO - LCVS/HCVS
ASIANHOTNR,HOTELS
ASIANPAINT,PAINTS/VARNISHES
ASIANTILES,CERAMICS/GRANITE
ASSAMCO,PLANTATIONS - TEA & COFFEE
ASTEC,PHARMACEUTICALS
ASTRAL,PLASTICS
ASTRAMICRO,TELECOMMUNICATIONS - EQUIPMENT
ASTRAZEN,PHARMACEUTICALS
ATFL,EDIBLE OILS & SOLVENT EXTRACTION
ATLANTA,CONSTRUCTION & CONTRACTING - CIVIL
ATLASCYCLE,MISCELLANEOUS
ATUL,DYES & PIGMENTS
ATULAUTO,AUTO - 2 & 3 WHEELERS
AURIONPRO,COMPUTERS - SOFTWARE MEDIUM/SMALL
AUROPHARMA,PHARMACEUTICALS
AUTOAXLES,AUTO ANCILLARIES
AUTOIND,AUTO ANCILLARIES
AVANTI,AQUACULTURE
AVTNPL,EDIBLE OILS & SOLVENT EXTRACTION
AXIS-IT&T,COMPUTERS - SOFTWARE MEDIUM/SMALL
AXISBANK,BANKS - PRIVATE SECTOR
AXISGOLD,FINANCE - INVESTMENTS
BAFNAPHARM,PHARMACEUTICALS
BAGFILMS,MEDIA & ENTERTAINMENT
BAJAJ-AUTO,AUTO - 2 & 3 WHEELERS
BAJAJCORP,PERSONAL CARE
BAJAJELEC,DOMESTIC APPLIANCES
BAJAJFINSV,FINANCE - INVESTMENTS
BAJAJHIND,SUGAR
BAJAJHLDNG,FINANCE - INVESTMENTS
BAJFINANCE,FINANCE - LEASING & HIRE PURCHASE
BALAJITELE,MEDIA & ENTERTAINMENT
BALAMINES,CHEMICALS
BALKRISIND,TYRES
BALLARPUR,PAPER
BALMLAWRIE,PACKAGING
BALPHARMA,PHARMACEUTICALS
BALRAMCHIN,SUGAR
BANCOINDIA,AUTO ANCILLARIES
BANKBARODA,BANKS - PUBLIC SECTOR
BANKBEES,FINANCE - INVESTMENTS
BANKINDIA,BANKS - PUBLIC SECTOR
BASF,CHEMICALS
BASML,TEXTILES - GENERAL
BATAINDIA,LEATHER PRODUCTS
BAYERCROP,PESTICIDES/AGRO CHEMICALS
BBL,ELECTRIC EQUIPMENT
BBTC,PLANTATIONS - TEA & COFFEE
BECREL,ELECTRIC EQUIPMENT
BEDMUTHA,STEEL - MEDIUM / SMALL
BEL,CERAMICS/GRANITE
BEML,INFRASTRUCTURE - GENERAL
BERGEPAINT,PAINTS/VARNISHES
BFINVEST,FINANCE - INVESTMENTS
BFUTILITIE,POWER - GENERATION/DISTRIBUTION
BGLOBAL,MISCELLANEOUS
BGRENERGY,INFRASTRUCTURE - GENERAL
BHAGYNAGAR,CABLES - TELEPHONE
BHARATFORG,CASTINGS & FORGINGS
BHARATGEAR,AUTO ANCILLARIES
BHARATRAS,PESTICIDES/AGRO CHEMICALS
BHARTIARTL,TELECOMMUNICATIONS - SERVICE
BHEL,INFRASTRUCTURE - GENERAL
BHUSANSTL,STEEL - CR/HR STRIPS
BIL,MISCELLANEOUS
BILPOWER,METALS - NON FERROUS
BIMETAL,BEARINGS
BINANIIND,GLASS & GLASS PRODUCTS
BIOCON,PHARMACEUTICALS
BIRLACORPN,CEMENT - MAJOR
BLISSGVS,MISCELLANEOUS
BLKASHYAP,CONSTRUCTION & CONTRACTING - CIVIL
BLUEDART,COURIERS
BLUESTARCO,CONSUMER GOODS - WHITE GOODS
BLUESTINFO,COMPUTERS - SOFTWARE
BOMDYEING,DIVERSIFIED
BOSCHLTD,AUTO ANCILLARIES
BPCL,REFINERIES
BPL,ELECTRICALS
BRFL,TEXTILES - GENERAL
BRIGADE,CONSTRUCTION & CONTRACTING - REAL ESTATE
BRITANNIA,FOOD PROCESSING
BROOKS,PHARMACEUTICALS
BSL,TEXTILES - WEAVING
BSLGOLDETF,FINANCE - INVESTMENTS
BSLIMITED,POWER - TRANSMISSION/EQUIPMENT
BSLNIFTY,FINANCE - INVESTMENTS
BURNPUR,CEMENT - MAJOR
CADILAHC,PHARMACEUTICALS
CAIRN,OIL DRILLING AND EXPLORATION
CANBK,BANKS - PUBLIC SECTOR
CANDC,CONSTRUCTION & CONTRACTING - CIVIL
CANFINHOME,FINANCE - HOUSING
CANTABIL,RETAIL
CAPF,FINANCE - GENERAL
CARBORUNIV,ABRASIVES
CAREERP,COMPUTERS - SOFTWARE - TRAINING
CARERATING,MISCELLANEOUS
CASTROL,LUBRICANTS
CCCL,CONSTRUCTION & CONTRACTING - CIVIL
CCL,PLANTATIONS - TEA & COFFEE
CEATLTD,TYRES
CEBBCO,ENGINEERING
CELEBRITY,TEXTILES - READYMADE APPARELS
CELESTIAL,PHARMACEUTICALS
CENTENKA,TEXTILES - MANMADE
CENTRALBK,BANKS - PUBLIC SECTOR
CENTUM,ELECTRICALS
CENTURYPLY,MISCELLANEOUS
CENTURYTEX,DIVERSIFIED
CERA,CERAMICS/GRANITE
CESC,POWER - GENERATION/DISTRIBUTION
CGCL,some problem with symbol: CGCL
CHAMBLFERT,FERTILISERS
CHEMFALKAL,CHEMICALS
CHENNPETRO,REFINERIES
CHOLAFIN,FINANCE - LEASING & HIRE PURCHASE
CILNOVA,TEXTILES - MANMADE
CIMMCO,DIVERSIFIED
CINELINE,MEDIA & ENTERTAINMENT
CINEMAXIN,MEDIA & ENTERTAINMENT
CIPLA,PHARMACEUTICALS
CLNINDIA,DYES & PIGMENTS
CMAHENDRA,DIAMOND CUTTING/PRECIOUS METALS/JEWELLERY
CMC,COMPUTERS - HARDWARE
COALINDIA,MINING/MINERALS
COLPAL,PERSONAL CARE
COMPUAGE,COMPUTERS - HARDWARE
COMPUSOFT,COMPUTERS - SOFTWARE MEDIUM/SMALL
CONCOR,TRANSPORT & LOGISTICS
CONSOFINVT,FINANCE - GENERAL
CORDSCABLE,CABLES - POWER/OTHERS
COREEDUTEC,COMPUTERS - SOFTWARE - TRAINING
COROMANDEL,MISCELLANEOUS
CORPBANK,BANKS - PUBLIC SECTOR
COSMOFILMS,PLASTICS
COX&KINGS,MISCELLANEOUS
CRESTANI,MEDIA & ENTERTAINMENT
CRISIL,MISCELLANEOUS
CROMPGREAV,ELECTRIC EQUIPMENT
CTE,COMPUTERS - SOFTWARE MEDIUM/SMALL
CUB,METALS - NON FERROUS
CUMMINSIND,ENGINES
CYBERTECH,COMPUTERS - SOFTWARE MEDIUM/SMALL
DAAWAT,FOOD PROCESSING
DABUR,PERSONAL CARE
DALMIABHA,CEMENT - MAJOR
DALMIASUG,SUGAR
DATAMATICS,COMPUTERS - SOFTWARE MEDIUM/SMALL
DBCORP,MEDIA & ENTERTAINMENT
DBREALTY,CONSTRUCTION & CONTRACTING - REAL ESTATE
DBSTOCKBRO,FINANCE - GENERAL
DCB,BANKS - PRIVATE SECTOR
DCM,FINANCE - LEASING & HIRE PURCHASE
DCMSRMCONS,DIVERSIFIED
DCW,PETROCHEMICALS
DECCANCE,CEMENT - MINI
DEEPAKFERT,FERTILISERS
DEEPAKNTR,CHEMICALS
DEEPIND,OIL DRILLING AND EXPLORATION
DELTACORP,FINANCE - GENERAL
DEN,PAPER
DENABANK,BANKS - PUBLIC SECTOR
DHAMPURSUG,SUGAR
DHANBANK,BANKS - PRIVATE SECTOR
DHANUKA,PESTICIDES/AGRO CHEMICALS
DHARSUGAR,SUGAR
DHFL,FINANCE - HOUSING
DIAPOWER,CABLES - POWER/OTHERS
DICIND,PRINTING & STATIONERY
DIGJAM,TEXTILES - WOOLLEN/WORSTED
DISHMAN,PHARMACEUTICALS
DISHTV,MEDIA & ENTERTAINMENT
DIVISLAB,PHARMACEUTICALS
DLF,CONSTRUCTION & CONTRACTING - REAL ESTATE
DLINKINDIA,MISCELLANEOUS
DOLPHINOFF,OIL DRILLING AND EXPLORATION
DPSCLTD,POWER - GENERATION/DISTRIBUTION
DPTL,PLANTATIONS - TEA & COFFEE
DQE,MEDIA & ENTERTAINMENT
DREDGECORP,MISCELLANEOUS
DRREDDY,PHARMACEUTICALS
DSKULKARNI,CONSTRUCTION & CONTRACTING - HOUSING
DUNCANSLTD,PLANTATIONS - TEA & COFFEE
DWARKESH,FINANCE - INVESTMENTS
EASTSILK,TEXTILES - SYNTHETIC/SILK
EASUNREYRL,ELECTRIC EQUIPMENT
ECEIND,ELECTRICALS
ECLERX,COMPUTERS - SOFTWARE MEDIUM/SMALL
EDELWEISS,FINANCE - GENERAL
EDL,BREWERIES & DISTILLERIES
EDSERV,COMPUTERS - SOFTWARE - TRAINING
EDUCOMP,COMPUTERS - SOFTWARE - TRAINING
EICHERMOT,AUTO - LCVS/HCVS
EIDPARRY,SUGAR
EIHAHOTELS,HOTELS
EIHOTEL,HOTELS
EIMCOELECO,ENGINEERING - HEAVY
ELDERPHARM,PHARMACEUTICALS
ELECON,ENGINEERING - HEAVY
ELECTCAST,CASTINGS & FORGINGS
ELECTHERM,ENGINEERING
ELGIEQUIP,COMPRESSORS
ELGIRUBCO,TYRES
ELNET,CONSUMER GOODS - ELECTRONIC
EMAMIINFRA,CONSTRUCTION & CONTRACTING - REAL ESTATE
EMAMILTD,PERSONAL CARE
EMCO,ELECTRIC EQUIPMENT
EMKAY,MINING/MINERALS
EMMBI,PACKAGING
EMPEESUG,SUGAR
ENERGYDEV,POWER - GENERATION/DISTRIBUTION
ENGINERSIN,INFRASTRUCTURE - GENERAL
ENIL,MEDIA & ENTERTAINMENT
EON,COMPUTERS - SOFTWARE MEDIUM/SMALL
ERAINFRA,INFRASTRUCTURE - GENERAL
EROSMEDIA,MEDIA & ENTERTAINMENT
ESABINDIA,ELECTRODES/GRAPHITE
ESCORTS,FINANCE - LEASING & HIRE PURCHASE
ESL,STEEL - MEDIUM / SMALL
ESSAROIL,REFINERIES
ESSARPORTS,INFRASTRUCTURE - GENERAL
ESSDEE,PACKAGING
ESSELPACK,PACKAGING
EUROTEXIND,TEXTILES - SPINNING - COTTON BLENDED
EVEREADY,DRY CELLS
EVERESTIND,CEMENT - PRODUCTS/BUILDING MATERIALS
EVERONN,COMPUTERS - SOFTWARE - TRAINING
EXCELINDUS,PESTICIDES/AGRO CHEMICALS
EXCELINFO,COMPUTERS - SOFTWARE MEDIUM/SMALL
EXIDEIND,AUTO ANCILLARIES
FACT,FINANCE - GENERAL
FAGBEARING,BEARINGS
FCEL,FINANCE - INVESTMENTS
FDC,PHARMACEUTICALS
FEDDERLOYD,CONSUMER GOODS - WHITE GOODS
FEDERALBNK,BANKS - PRIVATE SECTOR
FIEMIND,AUTO ANCILLARIES
FINANTECH,COMPUTERS - SOFTWARE
FINCABLES,CABLES - TELEPHONE
FINPIPE,PETROCHEMICALS
FIRSTLEASE,FINANCE - LEASING & HIRE PURCHASE
FKONCO,PHARMACEUTICALS
FLEXITUFF,PACKAGING
FLFL,RETAIL
FMGOETZE,AUTO ANCILLARIES
FORTIS,HOSPITALS & MEDICAL SERVICES
FOSECOIND,CHEMICALS
FRL,RETAIL
FRLDVR,RETAIL
FSL,COMPUTERS - SOFTWARE MEDIUM/SMALL
GABRIEL,AUTO ANCILLARIES
GAEL,EDIBLE OILS & SOLVENT EXTRACTION
GAIL,OIL DRILLING AND EXPLORATION
GAL,FINANCE - INVESTMENTS
GALLANTT,STEEL - SPONGE IRON
GALLISPAT,STEEL - SPONGE IRON
GAMMNINFRA,CONSTRUCTION & CONTRACTING - CIVIL
GANDHITUBE,STEEL - TUBES/PIPES
GANESHHOUC,CONSTRUCTION & CONTRACTING - HOUSING
GARWALLROP,TEXTILES - GENERAL
GATI,COURIERS
GAYAPROJ,CONSTRUCTION & CONTRACTING - CIVIL
GDL,FINANCE - INVESTMENTS
GEECEE,CHEMICALS
GEINDSYS,ENGINEERING
GENESYS,COMPUTERS - SOFTWARE MEDIUM/SMALL
GENUSPOWER,ELECTRICALS
GEOJITBNPP,FINANCE - GENERAL
GEOMETRIC,COMPUTERS - SOFTWARE
GESHIP,SHIPPING
GHCL,CHEMICALS
GICHSGFIN,FINANCE - HOUSING
GILLANDERS,PLANTATIONS - TEA & COFFEE
GILLETTE,PERSONAL CARE
GIPCL,POWER - GENERATION/DISTRIBUTION
GITANJALI,DIAMOND CUTTING/PRECIOUS METALS/JEWELLERY
GKWLIMITED,FASTENERS
GLAXO,PHARMACEUTICALS
GLENMARK,PHARMACEUTICALS
GLOBOFFS,SHIPPING
GLOBUSSPR,BREWERIES & DISTILLERIES
GLORY,PACKAGING
GMBREW,BREWERIES & DISTILLERIES
GMDCLTD,MINING/MINERALS
GMRINFRA,INFRASTRUCTURE - GENERAL
GNFC,FERTILISERS
GOACARBON,PETROCHEMICALS
GODFRYPHLP,CIGARETTES
GODREJCP,PERSONAL CARE
GODREJIND,PERSONAL CARE
GODREJPROP,CONSTRUCTION & CONTRACTING - REAL ESTATE
GOENKA,DIAMOND CUTTING/PRECIOUS METALS/JEWELLERY
GOKUL,EDIBLE OILS & SOLVENT EXTRACTION
GOLDBEES,BANKS - PRIVATE SECTOR
GOLDIAM,DIAMOND CUTTING/PRECIOUS METALS/JEWELLERY
GOLDINFRA,TELECOMMUNICATIONS - SERVICE
GOLDSHARE,BANKS - PUBLIC SECTOR
GOLDTECH,COMPUTERS - SOFTWARE MEDIUM/SMALL
GPIL,STEEL - SPONGE IRON
GPPL,SHIPPING
GRANULES,PHARMACEUTICALS
GRAPHITE,ELECTRODES/GRAPHITE
GRASIM,DIVERSIFIED
GRAVITA,MISCELLANEOUS
GREAVESCOT,ENGINES
GREENPLY,MISCELLANEOUS
GREENPOWER,POWER - GENERATION/DISTRIBUTION
GRINDWELL,ABRASIVES
GRUH,FINANCE - HOUSING
GSCLCEMENT,CEMENT - MAJOR
GSFC,FERTILISERS
GSKCONS,FOOD PROCESSING
GSPL,TEXTILES - PROCESSING
GSS,COMPUTERS - SOFTWARE MEDIUM/SMALL
GTL,TELECOMMUNICATIONS - EQUIPMENT
GTLINFRA,TELECOMMUNICATIONS - EQUIPMENT
GTNIND,TEXTILES - SPINNING - COTTON BLENDED
GTNTEX,TEXTILES - GENERAL
GTOFFSHORE,SHIPPING
GUFICBIO,PHARMACEUTICALS
GUJALKALI,CHEMICALS
GUJAPOLLO,ENGINEERING - HEAVY
GUJFLUORO,CHEMICALS
GUJNRECOKE,MISCELLANEOUS
GUJNREDVR,MISCELLANEOUS
GUJRATGAS,OIL DRILLING AND EXPLORATION
GULFOILCOR,CHEMICALS
GVKPIL,POWER - GENERATION/DISTRIBUTION
HARITASEAT,AUTO ANCILLARIES
HARRMALAYA,PLANTATIONS - TEA & COFFEE
HATHWAY,MEDIA & ENTERTAINMENT
HAVELLS,ELECTRIC EQUIPMENT
HBLPOWER,ELECTRIC EQUIPMENT
HCC,CONSTRUCTION & CONTRACTING - CIVIL
HCIL,CHEMICALS
HCL-INSYS,COMPUTERS - HARDWARE
HCLTECH,COMPUTERS - SOFTWARE
HDFC,BANKS - PRIVATE SECTOR
HDFCBANK,BANKS - PRIVATE SECTOR
HDFCMFGETF,FINANCE - INVESTMENTS
HDIL,CONSTRUCTION & CONTRACTING - REAL ESTATE
HEG,ELECTRODES/GRAPHITE
HEIDELBERG,CEMENT - MAJOR
HELIOSMATH,COMPUTERS - SOFTWARE MEDIUM/SMALL
HERCULES,ENGINEERING
HERITGFOOD,FOOD PROCESSING
HEROMOTOCO,AUTO - 2 & 3 WHEELERS
HEXATRADEX,FINANCE - INVESTMENTS
HEXAWARE,COMPUTERS - SOFTWARE
HFCL,TELECOMMUNICATIONS - SERVICE
HGS,COMPUTERS - SOFTWARE
HIKAL,PHARMACEUTICALS
HIL,MISCELLANEOUS
HIMATSEIDE,TEXTILES - SYNTHETIC/SILK
HINDALCO,ALUMINIUM
HINDCOMPOS,AUTO ANCILLARIES
HINDCOPPER,METALS - NON FERROUS
HINDDORROL,ENGINEERING
HINDMOTORS,AUTO - CARS & JEEPS
HINDPETRO,REFINERIES
HINDUJAVEN,COMPUTERS - SOFTWARE
HINDUNILVR,PERSONAL CARE
HINDZINC,METALS - NON FERROUS
HIRAFERRO,MINING/MINERALS
HIRECT,ELECTRICALS
HITACHIHOM,CONSUMER GOODS - WHITE GOODS
HITECHGEAR,AUTO ANCILLARIES
HITECHPLAS,PLASTICS
HMT,AUTO - TRACTORS
HMVL,MEDIA & ENTERTAINMENT
HNGSNGBEES,FINANCE - INVESTMENTS
HOCL,CHEMICALS
HONAUT,TELECOMMUNICATIONS - EQUIPMENT
HONDAPOWER,ELECTRIC EQUIPMENT
HORIZONINF,AUTO ANCILLARIES
HOTELEELA,HOTELS
HOTELRUGBY,HOTELS
HSIL,CERAMICS/GRANITE
HTMEDIA,MEDIA & ENTERTAINMENT
HUBTOWN,CONSTRUCTION & CONTRACTING - REAL ESTATE
HYDROS&S,PLASTICS
IBIPL,POWER - GENERATION/DISTRIBUTION
IBPOW,POWER - GENERATION/DISTRIBUTION
IBREALEST,CONSTRUCTION & CONTRACTING - REAL ESTATE
IBSEC,FINANCE - INVESTMENTS
IBULHSGFIN,FINANCE - HOUSING
ICICIBANK,BANKS - PRIVATE SECTOR
ICRA,MISCELLANEOUS
IDBI,FINANCE - INVESTMENTS
IDBIGOLD,FINANCE - INVESTMENTS
IDEA,PERSONAL CARE
IDFC,FINANCE - TERM LENDING INSTITUTIONS
IFBAGRO,CHEMICALS
IFBIND,CONSUMER GOODS - WHITE GOODS
IFCI,FINANCE - TERM LENDING INSTITUTIONS
IFGLREFRAC,CEMENT - PRODUCTS/BUILDING MATERIALS
IGARASHI,ELECTRIC EQUIPMENT
IGL,OIL DRILLING AND EXPLORATION
IGPL,CHEMICALS
IIFLNIFTY,FINANCE - INVESTMENTS
IL&FSENGG,FINANCE - INVESTMENTS
IL&FSTRANS,FINANCE - INVESTMENTS
IMFA,MINING/MINERALS
IMPAL,TRADING
IMPEXFERRO,MINING/MINERALS
INDHOTEL,HOTELS
INDIACEM,CEMENT - MAJOR
INDIAGLYCO,CHEMICALS
INDIAINFO,FINANCE - GENERAL
INDIANB,BANKS - PUBLIC SECTOR
INDIANCARD,TEXTILES - MACHINERY
INDIANHUME,CEMENT - PRODUCTS/BUILDING MATERIALS
INDNIPPON,AUTO ANCILLARIES
INDOCO,PHARMACEUTICALS
INDORAMA,TEXTILES - SPINNING - SYNTHETIC BLENDED
INDOTECH,POWER - TRANSMISSION/EQUIPMENT
INDOTHAI,FINANCE - GENERAL
INDOWIND,POWER - GENERATION/DISTRIBUTION
INDRAMEDCO,HOSPITALS & MEDICAL SERVICES
INDUSFILA,TEXTILES - PROCESSING
INDUSINDBK,BANKS - PRIVATE SECTOR
INFINITE,COMPUTERS - SOFTWARE
INFOTECENT,COMPUTERS - SOFTWARE
INFRABEES,FINANCE - INVESTMENTS
INFRATEL,TELECOMMUNICATIONS - EQUIPMENT
INFY,COMPUTERS - SOFTWARE
INGERRAND,COMPRESSORS
INGVYSYABK,BANKS - PRIVATE SECTOR
INNOIND,STEEL - TUBES/PIPES
INOXLEISUR,MEDIA & ENTERTAINMENT
INSECTICID,PESTICIDES/AGRO CHEMICALS
INTEGRA,ELECTRIC EQUIPMENT
IOB,BANKS - PUBLIC SECTOR
IOC,REFINERIES
IPCALAB,PHARMACEUTICALS
IPGETF,FINANCE - INVESTMENTS
IRB,INFRASTRUCTURE - GENERAL
ISFT,MISCELLANEOUS
ISMTLTD,STEEL - ROLLING
ITC,HOTELS
ITDCEM,CONSTRUCTION & CONTRACTING - CIVIL
ITI,TELECOMMUNICATIONS - EQUIPMENT
IVC,FINANCE - INVESTMENTS
IVRCLINFRA,CONSTRUCTION & CONTRACTING - CIVIL
J&KBANK,MISCELLANEOUS
JAGRAN,MEDIA & ENTERTAINMENT
JAGSNPHARM,PHARMACEUTICALS
JAIBALAJI,STEEL - SPONGE IRON
JAICORPLTD,STEEL - GP/GC SHEETS
JAMNAAUTO,AUTO ANCILLARIES
JAYAGROGN,CHEMICALS
JAYBARMARU,AUTO ANCILLARIES
JAYNECOIND,CASTINGS & FORGINGS
JAYSREETEA,PLANTATIONS - TEA & COFFEE
JBCHEPHARM,PHARMACEUTICALS
JBFIND,TEXTILES - MANMADE
JENSONICOL,PAINTS/VARNISHES
JETAIRWAYS,TRANSPORT & LOGISTICS
JHS,PERSONAL CARE
JINDALPHOT,CONSUMER GOODS - ELECTRONIC
JINDALPOLY,PACKAGING
JINDALSAW,STEEL - TUBES/PIPES
JINDALSTEL,STEEL - SPONGE IRON
JINDCOT,TEXTILES - SPINNING - COTTON BLENDED
JINDRILL,OIL DRILLING AND EXPLORATION
JINDWORLD,TRADING
JISLDVREQS,PLASTICS
JISLJALEQS,PLASTICS
JKCEMENT,CEMENT - MAJOR
JKIL,CONSTRUCTION & CONTRACTING - CIVIL
JKLAKSHMI,CEMENT - MAJOR
JKPAPER,PAPER
JKTYRE,TYRES
JMCPROJECT,CONSTRUCTION & CONTRACTING - CIVIL
JMFINANCIL,FINANCE - INVESTMENTS
JMTAUTOLTD,AUTO ANCILLARIES
JOCIL,MISCELLANEOUS
JPASSOCIAT,INFRASTRUCTURE - GENERAL
JPINFRATEC,INFRASTRUCTURE - GENERAL
JPPOWER,POWER - GENERATION/DISTRIBUTION
JSL,ELECTRIC EQUIPMENT
JSWENERGY,POWER - GENERATION/DISTRIBUTION
JSWHL,FINANCE - INVESTMENTS
JSWSTEEL,STEEL - LARGE
JUBILANT,MISCELLANEOUS
JUBLFOOD,MISCELLANEOUS
JUBLINDS,MISCELLANEOUS
JUNIORBEES,FINANCE - INVESTMENTS
JUSTDIAL,MISCELLANEOUS
JVLAGRO,VANASPATI/OILS
JYOTHYLAB,PERSONAL CARE
JYOTISTRUC,POWER - TRANSMISSION/EQUIPMENT
KABRAEXTRU,ENGINEERING - HEAVY
KAJARIACER,CERAMICS/GRANITE
KAKATCEM,CEMENT - MINI
KALINDEE,ENGINEERING
KALPATPOWR,POWER - TRANSMISSION/EQUIPMENT
KAMATHOTEL,HOTELS
KANANIIND,FINANCE - INVESTMENTS
KANORICHEM,CHEMICALS
KANSAINER,PAINTS/VARNISHES
KARMAENG,MISCELLANEOUS
KARURVYSYA,BANKS - PRIVATE SECTOR
KAUSHALYA,CONSTRUCTION & CONTRACTING - CIVIL
KAVVERITEL,TELECOMMUNICATIONS - EQUIPMENT
KBIL,FINANCE - GENERAL
KCP,SUGAR
KCPSUGIND,SUGAR
KEC,POWER - TRANSMISSION/EQUIPMENT
KECL,ELECTRIC EQUIPMENT
KEI,CABLES - POWER/OTHERS
KEMROCK,PLASTICS
KERNEX,COMPUTERS - SOFTWARE MEDIUM/SMALL
KESARENT,SUGAR
KESORAMIND,DIVERSIFIED
KFA,COMPUTERS - SOFTWARE MEDIUM/SMALL
KICL,FINANCE - INVESTMENTS
KIL,ENGINEERING - HEAVY
KILITCH,PHARMACEUTICALS
KIRLOSBROS,PUMPS
KIRLOSENG,ENGINES
KIRLOSIND,ENGINES
KITEX,TEXTILES - READYMADE APPARELS
KKCL,RETAIL
KMSUGAR,SUGAR
KNRCON,CONSTRUCTION & CONTRACTING - CIVIL
KOHINOOR,FOOD PROCESSING
KOKUYOCMLN,DIVERSIFIED
KOLTEPATIL,CONSTRUCTION & CONTRACTING - REAL ESTATE
KOPRAN,PHARMACEUTICALS
KOTAKBANK,BANKS - PRIVATE SECTOR
KOTAKGOLD,FINANCE - INVESTMENTS
KOTAKNIFTY,FINANCE - INVESTMENTS
KOTAKPSUBK,FINANCE - INVESTMENTS
KOTARISUG,SUGAR
KOTHARIPET,TRADING
KOTHARIPRO,CIGARETTES
KPIT,COMPUTERS - SOFTWARE MEDIUM/SMALL
KPRMILL,TEXTILES - READYMADE APPARELS
KRBL,FOOD PROCESSING
KRITIIND,PLASTICS
KSBPUMPS,PUMPS
KSCL,MISCELLANEOUS
KSE,EDIBLE OILS & SOLVENT EXTRACTION
KSERASERA,MEDIA & ENTERTAINMENT
KSK,POWER - GENERATION/DISTRIBUTION
KSL,TEXTILES - HOSIERY/KNITWEAR
KTKBANK,BANKS - PRIVATE SECTOR
KWALITY,FOOD PROCESSING
L&TFH,PHARMACEUTICALS
LAKSHMIEFL,FOOD PROCESSING
LAKSHMIMIL,TEXTILES - COMPOSITE MILLS
LAKSHVILAS,BANKS - PRIVATE SECTOR
LANCOIN,STEEL - PIG IRON
LAOPALA,GLASS & GLASS PRODUCTS
LAXMIMACH,TEXTILES - MACHINERY
LGBBROSLTD,ENGINEERING
LGBFORGE,CASTINGS & FORGINGS
LIBERTSHOE,LEATHER PRODUCTS
LICHSGFIN,FINANCE - HOUSING
LINDEINDIA,CHEMICALS
LIQUIDBEES,FINANCE - INVESTMENTS
LITL,INFRASTRUCTURE - GENERAL
LLOYDELENG,CONSUMER GOODS - WHITE GOODS
LML,AUTO - 2 & 3 WHEELERS
LOKESHMACH,MACHINE TOOLS
LOVABLE,TEXTILES - READYMADE APPARELS
LT,FOOD PROCESSING
LUMAXAUTO,AUTO ANCILLARIES
LUMAXIND,AUTO ANCILLARIES
LUMAXTECH,AUTO ANCILLARIES
LUPIN,PHARMACEUTICALS
LYKALABS,PHARMACEUTICALS
LYPSAGEMS,DIAMOND CUTTING/PRECIOUS METALS/JEWELLERY
M&M,MISCELLANEOUS
M&MFIN,MISCELLANEOUS
M100,FINANCE - INVESTMENTS
M50,FINANCE - INVESTMENTS
MAANALU,ALUMINIUM
MADHAV,CERAMICS/GRANITE
MADHUCON,CONSTRUCTION & CONTRACTING - CIVIL
MADRASFERT,FERTILISERS
MAGMA,FINANCE - LEASING & HIRE PURCHASE
MAGNUM,PAPER
MAHABANK,BANKS - PUBLIC SECTOR
MAHINDFORG,CASTINGS & FORGINGS
MAHINDUGIN,STEEL - MEDIUM / SMALL
MAHLIFE,CONSTRUCTION & CONTRACTING - CIVIL
MAHSCOOTER,AUTO - 2 & 3 WHEELERS
MAHSEAMLES,STEEL - TUBES/PIPES
MANAKSIA,STEEL - ROLLING
MANALIPETC,PETROCHEMICALS
MANAPPURAM,FINANCE - LEASING & HIRE PURCHASE
MANDHANA,TEXTILES - GENERAL
MANGCHEFER,FERTILISERS
MANGLMCEM,CEMENT - MAJOR
MANINDS,STEEL - TUBES/PIPES
MANINFRA,CONSTRUCTION & CONTRACTING - CIVIL
MANJEERA,CONSTRUCTION & CONTRACTING - REAL ESTATE
MANJUSHREE,PACKAGING
MARALOVER,TEXTILES - SPINNING - COTTON BLENDED
MARICO,PERSONAL CARE
MARKSANS,PHARMACEUTICALS
MARUTI,AUTO - CARS & JEEPS
MASTEK,COMPUTERS - SOFTWARE
MAWANASUG,SUGAR
MAX,PACKAGING
MAXWELL,TEXTILES - READYMADE APPARELS
MAYURUNIQ,PLASTICS
MBECL,ENGINEERING
MBLINFRA,CONSTRUCTION & CONTRACTING - CIVIL
MCDHOLDING,FINANCE - INVESTMENTS
MCDOWELL-N,BREWERIES & DISTILLERIES
MCLEODRUSS,PLANTATIONS - TEA & COFFEE
MCX,MISCELLANEOUS
MEGH,PESTICIDES/AGRO CHEMICALS
MERCK,PHARMACEUTICALS
METKORE,STEEL - MEDIUM / SMALL
MGOLD,FINANCE - INVESTMENTS
MHRIL,HOTELS
MICROSEC,FINANCE - GENERAL
MINDACORP,AUTO ANCILLARIES
MINDAIND,AUTO ANCILLARIES
MINDTREE,COMPUTERS - SOFTWARE
MIRZAINT,LEATHER PRODUCTS
MMFL,CASTINGS & FORGINGS
MMTC,TRADING
MOHITIND,TEXTILES - PROCESSING
MOIL,MINING/MINERALS
MONNETISPA,STEEL - SPONGE IRON
MONSANTO,PESTICIDES/AGRO CHEMICALS
MORARJEE,TEXTILES - SPINNING - COTTON BLENDED
MOSERBAER,COMPUTERS - HARDWARE
MOTHERSUMI,AUTO ANCILLARIES
MOTILALOFS,FINANCE - GENERAL
MOTOGENFIN,FINANCE - LEASING & HIRE PURCHASE
MPHASIS,COMPUTERS - SOFTWARE
MPSLTD,PRINTING & STATIONERY
MRF,TYRES
MRO-TEK,COMPUTERS - HARDWARE
MRPL,REFINERIES
MSPL,STEEL - SPONGE IRON
MTEDUCARE,COMPUTERS - SOFTWARE - TRAINING
MTNL,TELECOMMUNICATIONS - SERVICE
MUKANDENGG,CONSTRUCTION & CONTRACTING - CIVIL
MUNJALAU,AUTO ANCILLARIES
MUNJALSHOW,AUTO ANCILLARIES
MURUDCERA,CERAMICS/GRANITE
MUTHOOTFIN,FINANCE - INVESTMENTS
MYSOREBANK,BANKS - PUBLIC SECTOR
N100,FINANCE - INVESTMENTS
NAGAROIL,REFINERIES
NAGREEKCAP,FINANCE - INVESTMENTS
NAGREEKEXP,TEXTILES - SPINNING - COTTON BLENDED
NAHARCAP,FINANCE - INVESTMENTS
NAHARINDUS,TEXTILES - COMPOSITE MILLS
NAHARSPING,TEXTILES - HOSIERY/KNITWEAR
NAKODA,TEXTILES - PROCESSING
NANDANEXIM,TEXTILES - DENIM
NATCOPHARM,PHARMACEUTICALS
NATHSEED,MISCELLANEOUS
NATIONALUM,ALUMINIUM
NATNLSTEEL,STEEL - GP/GC SHEETS
NAUKRI,MISCELLANEOUS
NAVINFLUOR,CHEMICALS
NAVNETEDUL,PRINTING & STATIONERY
NBCC,INFRASTRUCTURE - GENERAL
NBVENTURES,DIVERSIFIED
NCC,FINANCE - GENERAL
NCLIND,CEMENT - MINI
NCOPPER,METALS - NON FERROUS
NDTV,MEDIA & ENTERTAINMENT
NECLIFE,PHARMACEUTICALS
NELCAST,CASTINGS & FORGINGS
NELCO,TELECOMMUNICATIONS - EQUIPMENT
NEOCORP,PACKAGING
NEPCMICON,ENGINEERING
NESCO,DIVERSIFIED
NESTLEIND,FOOD PROCESSING
NET4,COMPUTERS - SOFTWARE MEDIUM/SMALL
NETWORK18,FINANCE - GENERAL
NEULANDLAB,PHARMACEUTICALS
NEXTMEDIA,MEDIA & ENTERTAINMENT
NEYVELILIG,POWER - GENERATION/DISTRIBUTION
NFL,FERTILISERS
NHPC,POWER - GENERATION/DISTRIBUTION
NIBL,BEARINGS
NICCO,CABLES - POWER/OTHERS
NIFETF,MISCELLANEOUS
NIFTYBEES,FINANCE - INVESTMENTS
NIITLTD,COMPUTERS - SOFTWARE - TRAINING
NIITTECH,COMPUTERS - SOFTWARE
NILKAMAL,PLASTICS
NIPPOBATRY,DRY CELLS
NITINFIRE,MISCELLANEOUS
NITINSPIN,TEXTILES - SPINNING - COTTON BLENDED
NMDC,MINING/MINERALS
NOCIL,PETROCHEMICALS
NOIDATOLL,CONSTRUCTION & CONTRACTING - CIVIL
NOL,CHEMICALS
NORBTEAEXP,PLANTATIONS - TEA & COFFEE
NOVOPANIND,MISCELLANEOUS
NRBBEARING,BEARINGS
NSIL,FINANCE - GENERAL
NTPC,POWER - GENERATION/DISTRIBUTION
NUCLEUS,COMPUTERS - SOFTWARE MEDIUM/SMALL
NUTEK,TELECOMMUNICATIONS - SERVICE
OBEROIRLTY,CONSTRUCTION & CONTRACTING - REAL ESTATE
OCL,CEMENT - MAJOR
OFSS,COMPUTERS - SOFTWARE
OIL,OIL DRILLING AND EXPLORATION
OILCOUNTUB,STEEL - TUBES/PIPES
OISL,STEEL - MEDIUM / SMALL
OMAXAUTO,AUTO ANCILLARIES
OMAXE,CONSTRUCTION & CONTRACTING - REAL ESTATE
OMKARCHEM,CHEMICALS
OMMETALS,ENGINEERING
OMNITECH,COMPUTERS - SOFTWARE MEDIUM/SMALL
ONELIFECAP,FINANCE - INVESTMENTS
ONGC,OIL DRILLING AND EXPLORATION
ONMOBILE,COMPUTERS - SOFTWARE MEDIUM/SMALL
ONWARDTEC,COMPUTERS - SOFTWARE MEDIUM/SMALL
OPTOCIRCUI,HOSPITALS & MEDICAL SERVICES
ORBITCORP,CONSTRUCTION & CONTRACTING - REAL ESTATE
ORBTEXP,some problem with symbol: ORBTEXP
ORCHIDCHEM,PHARMACEUTICALS
ORIENTABRA,ABRASIVES
ORIENTBANK,BANKS - PUBLIC SECTOR
ORIENTBELL,CERAMICS/GRANITE
ORIENTCEM,CEMENT - MAJOR
ORIENTHOT,HOTELS
ORIENTPPR,DIVERSIFIED
ORIENTREF,CEMENT - PRODUCTS/BUILDING MATERIALS
ORISSAMINE,MINING/MINERALS
OUDHSUG,SUGAR
PAGEIND,TEXTILES - READYMADE APPARELS
PANACEABIO,PHARMACEUTICALS
PANAMAPET,CHEMICALS
PANASONIC,DRY CELLS
PANCARBON,ELECTRODES/GRAPHITE
PANORAMUNI,COMPUTERS - SOFTWARE MEDIUM/SMALL
PAPERPROD,PACKAGING
PARACABLES,CABLES - TELEPHONE
PARAL,PACKAGING
PARRYSUGAR,MINING/MINERALS
PARSVNATH,CONSTRUCTION & CONTRACTING - REAL ESTATE
PATELENG,CONSTRUCTION & CONTRACTING - CIVIL
PATINTLOG,TRANSPORT & LOGISTICS
PATSPINLTD,TEXTILES - SPINNING - COTTON BLENDED
PCJEWELLER,DIAMOND CUTTING/PRECIOUS METALS/JEWELLERY
PDPL,PHARMACEUTICALS
PDUMJEIND,PAPER
PDUMJEPULP,PAPER
PEL,PHARMACEUTICALS
PENIND,STEEL - CR/HR STRIPS
PENINLAND,CONSTRUCTION & CONTRACTING - HOUSING
PERIATEA,PLANTATIONS - TEA & COFFEE
PERSISTENT,COMPUTERS - SOFTWARE
PETRONET,OIL DRILLING AND EXPLORATION
PFC,FINANCE - TERM LENDING INSTITUTIONS
PFIZER,PHARMACEUTICALS
PFOCUS,MEDIA & ENTERTAINMENT
PFRL,RETAIL
PFS,FINANCE - TERM LENDING INSTITUTIONS
PGEL,CONSUMER GOODS - ELECTRONIC
PGHH,PERSONAL CARE
PGIL,TEXTILES - READYMADE APPARELS
PHILIPCARB,CHEMICALS
PHOENIXLL,AUTO ANCILLARIES
PHOENIXLTD,TEXTILES - SPINNING - COTTON BLENDED
PIDILITIND,CHEMICALS
PIIND,PESTICIDES/AGRO CHEMICALS
PILIND,some problem with symbol: PILIND
PIPAVAVDOC,SHIPPING
PIRGLASS,GLASS & GLASS PRODUCTS
PITTILAM,ENGINEERING
PLETHICO,PHARMACEUTICALS
PNB,FINANCE - INVESTMENTS
PNBGILTS,FINANCE - INVESTMENTS
POCHIRAJU,MISCELLANEOUS
POLARIS,COMPUTERS - SOFTWARE
POLYMED,HOSPITALS & MEDICAL SERVICES
POLYPLEX,PACKAGING
PONDYOXIDE,CHEMICALS
PONNIERODE,SUGAR
POWERGRID,POWER - GENERATION/DISTRIBUTION
PPAP,AUTO ANCILLARIES
PRAENG,CONSTRUCTION & CONTRACTING - HOUSING
PRAJIND,ENGINEERING - HEAVY
PRAKASH,DIVERSIFIED
PRAKASHCON,CONSTRUCTION & CONTRACTING - CIVIL
PRAKASHSTL,STEEL - TUBES/PIPES
PRATIBHA,CONSTRUCTION & CONTRACTING - CIVIL
PRECOT,TEXTILES - SPINNING - COTTON BLENDED
PRECWIRE,METALS - NON FERROUS
PREMIER,AQUACULTURE
PRESTIGE,CONSTRUCTION & CONTRACTING - REAL ESTATE
PRICOL,AUTO ANCILLARIES
PRISMCEM,CEMENT - MAJOR
PROVOGE,RETAIL
PSB,BANKS - PUBLIC SECTOR
PSL,STEEL - TUBES/PIPES
PSUBNKBEES,FINANCE - INVESTMENTS
PTC,TRADING
PTL,TYRES
PUNJLLOYD,INFRASTRUCTURE - GENERAL
PURVA,CONSTRUCTION & CONTRACTING - REAL ESTATE
PVP,CONSTRUCTION & CONTRACTING - REAL ESTATE
PVR,MEDIA & ENTERTAINMENT
QGOLDHALF,FINANCE - INVESTMENTS
QNIFTY,FINANCE - INVESTMENTS
RADICO,BREWERIES & DISTILLERIES
RAIN,MISCELLANEOUS
RAINBOWPAP,PAPER
RAJESHEXPO,DIAMOND CUTTING/PRECIOUS METALS/JEWELLERY
RAJPALAYAM,TEXTILES - SPINNING - COTTON BLENDED
RAJRAYON,TEXTILES - PROCESSING
RAJSREESUG,SUGAR
RAJTV,MEDIA & ENTERTAINMENT
RALLIS,PESTICIDES/AGRO CHEMICALS
RAMANEWS,PAPER
RAMCOCEM,CEMENT - MAJOR
RAMCOIND,CEMENT - PRODUCTS/BUILDING MATERIALS
RAMCOSYS,COMPUTERS - SOFTWARE
RAMSARUP,STEEL - MEDIUM / SMALL
RANASUG,SUGAR
RANBAXY,PHARMACEUTICALS
RANEENGINE,AUTO ANCILLARIES
RANEHOLDIN,AUTO ANCILLARIES
RANKLIN,COMPUTERS - SOFTWARE MEDIUM/SMALL
RASOYPR,EDIBLE OILS & SOLVENT EXTRACTION
RATNAMANI,STEEL - MEDIUM / SMALL
RAYMOND,TEXTILES - WOOLLEN/WORSTED
RCF,FERTILISERS
RCOM,TELECOMMUNICATIONS - SERVICE
RECLTD,FINANCE - TERM LENDING INSTITUTIONS
REDINGTON,COMPUTERS - HARDWARE
REGENCERAM,CERAMICS/GRANITE
REIAGROLTD,FOOD PROCESSING
RELAXO,LEATHER PRODUCTS
RELBANK,FINANCE - INVESTMENTS
RELCAPITAL,FINANCE - INVESTMENTS
RELCNX100,FINANCE - INVESTMENTS
RELGOLD,FINANCE - INVESTMENTS
RELGRNIFTY,FINANCE - INVESTMENTS
RELIANCE,REFINERIES
RELIGARE,FINANCE - INVESTMENTS
RELIGAREGO,FINANCE - INVESTMENTS
RELINFRA,POWER - GENERATION/DISTRIBUTION
RELMEDIA,MEDIA & ENTERTAINMENT
RENUKA,SUGAR
REPCOHOME,FINANCE - HOUSING
REPRO,PRINTING & STATIONERY
RESPONIND,FINANCE - INVESTMENTS
REVATHI,COMPRESSORS
RICOAUTO,AUTO ANCILLARIES
RIIL,INFRASTRUCTURE - GENERAL
RJL,DIAMOND CUTTING/PRECIOUS METALS/JEWELLERY
RKDL,BREWERIES & DISTILLERIES
RKFORGE,CASTINGS & FORGINGS
RML,AUTO ANCILLARIES
ROHITFERRO,MINING/MINERALS
ROHLTD,HOTELS
ROLTA,COMPUTERS - SOFTWARE
ROSSELLIND,PLANTATIONS - TEA & COFFEE
RPGLIFE,PHARMACEUTICALS
RPOWER,POWER - GENERATION/DISTRIBUTION
RPPINFRA,CONSTRUCTION & CONTRACTING - CIVIL
RSSOFTWARE,COMPUTERS - SOFTWARE MEDIUM/SMALL
RSWM,TEXTILES - SPINNING - SYNTHETIC BLENDED
RSYSTEMS,COMPUTERS - SOFTWARE MEDIUM/SMALL
RUBYMILLS,TEXTILES - COMPOSITE MILLS
RUCHINFRA,EDIBLE OILS & SOLVENT EXTRACTION
RUCHISOYA,EDIBLE OILS & SOLVENT EXTRACTION
RUPA,TEXTILES - HOSIERY/KNITWEAR
RUSHIL,MISCELLANEOUS
SABERORGAN,PESTICIDES/AGRO CHEMICALS
SABTN,MEDIA & ENTERTAINMENT
SADBHAV,INFRASTRUCTURE - GENERAL
SAHPETRO,OIL DRILLING AND EXPLORATION
SAIL,STEEL - LARGE
SAKHTISUG,SUGAR
SAKSOFT,COMPUTERS - SOFTWARE
SAKUMA,TRADING
SANDESH,PRINTING & STATIONERY
SANGAMIND,TEXTILES - SPINNING - SYNTHETIC BLENDED
SANGHIIND,CEMENT - PRODUCTS/BUILDING MATERIALS
SANGHVIMOV,ENGINEERING - HEAVY
SANOFI,PHARMACEUTICALS
SANWARIA,EDIBLE OILS & SOLVENT EXTRACTION
SARDAEN,STEEL - SPONGE IRON
SAREGAMA,MEDIA & ENTERTAINMENT
SASKEN,COMPUTERS - SOFTWARE
SATHAISPAT,STEEL - PIG IRON
SAVERA,HOTELS
SBBJ,BANKS - PUBLIC SECTOR
SBIGETS,FINANCE - INVESTMENTS
SBIN,BANKS - PUBLIC SECTOR
SBT,BANKS - PUBLIC SECTOR
SCHNEIDER,POWER - GENERATION/DISTRIBUTION
SCI,SHIPPING
SEAMECLTD,SHIPPING
SEINV,FINANCE - INVESTMENTS
SELAN,OIL DRILLING AND EXPLORATION
SELMCL,TEXTILES - GENERAL
SERVALL,PAPER
SESHAPAPER,PAPER
SEZAL,GLASS & GLASS PRODUCTS
SFCL,STEEL - MEDIUM / SMALL
SGJHL,DIAMOND CUTTING/PRECIOUS METALS/JEWELLERY
SHAKTIPUMP,PUMPS
SHALPAINTS,PAINTS/VARNISHES
SHANTIGEAR,ENGINEERING
SHARIABEES,FINANCE - INVESTMENTS
SHARONBIO,PHARMACEUTICALS
SHARRESLTD,FINANCE - HOUSING
SHASUNPHAR,PHARMACEUTICALS
SHILPAMED,PHARMACEUTICALS
SHILPI,CABLES - TELEPHONE
SHIRPUR-G,MINING/MINERALS
SHIVAMAUTO,AUTO ANCILLARIES
SHOPERSTOP,RETAIL
SHREECEM,CEMENT - MAJOR
SHREERAMA,PACKAGING
SHRENUJ,DIAMOND CUTTING/PRECIOUS METALS/JEWELLERY
SHREYAS,SHIPPING
SHRIRAMCIT,FINANCE - LEASING & HIRE PURCHASE
SHRIRAMEPC,ENGINEERING - HEAVY
SICAGEN,TRADING
SICAL,TRADING
SIEMENS,AUTO ANCILLARIES
SIGNETIND,FINANCE - INVESTMENTS
SIMBHSUGAR,SUGAR
SIMPLEX,CASTINGS & FORGINGS
SIMPLEXINF,CONSTRUCTION & CONTRACTING - CIVIL
SINTEX,DIVERSIFIED
SIRPAPER,PAPER
SITASHREE,FOOD PROCESSING
SITICABLE,MEDIA & ENTERTAINMENT
SIYSIL,TEXTILES - WEAVING
SJVN,POWER - GENERATION/DISTRIBUTION
SKFINDIA,BEARINGS
SKMEGGPROD,FOOD PROCESSING
SKSMICRO,FINANCE - GENERAL
SMARTLINK,COMPUTERS - HARDWARE
SMLISUZU,AUTO - LCVS/HCVS
SMOBILITY,COMPUTERS - HARDWARE
SMSPHARMA,PHARMACEUTICALS
SOBHA,CONSTRUCTION & CONTRACTING - REAL ESTATE
SOLARINDS,CHEMICALS
SOMANYCERA,CERAMICS/GRANITE
SONASTEER,AUTO ANCILLARIES
SONATSOFTW,COMPUTERS - SOFTWARE MEDIUM/SMALL
SOTL,PETROCHEMICALS
SOUTHBANK,BANKS - PRIVATE SECTOR
SPARC,COMPUTERS - HARDWARE
SPECIALITY,LUBRICANTS
SPENTEX,TEXTILES - SPINNING - COTTON BLENDED
SPIC,TEXTILES - READYMADE APPARELS
SPYL,TEXTILES - MANMADE
SREINFRA,FINANCE - LEASING & HIRE PURCHASE
SRF,PETROCHEMICALS
SRHHYPOLTD,CHEMICALS
SRSLTD,MEDIA & ENTERTAINMENT
SRTRANSFIN,FINANCE - LEASING & HIRE PURCHASE
SSLT,MINING/MINERALS
SSWL,AUTO ANCILLARIES
STAR,MEDIA & ENTERTAINMENT
STCINDIA,TRADING
STEL,PHARMACEUTICALS
STERLINBIO,PHARMACEUTICALS
STOREONE,TEXTILES - READYMADE APPARELS
STRTECH,CABLES - TELEPHONE
STYABS,PETROCHEMICALS
SUBROS,AUTO ANCILLARIES
SUDAR,CEMENT - MINI
SUDARSCHEM,DYES & PIGMENTS
SUJANATWR,some problem with symbol: SUJANATWR
SUJANAUNI,DOMESTIC APPLIANCES
SUMEETINDS,TEXTILES - MANMADE
SUMMITSEC,FINANCE - INVESTMENTS
SUNCLAYLTD,AUTO ANCILLARIES
SUNDARAM,PRINTING & STATIONERY
SUNDARMFIN,FINANCE - LEASING & HIRE PURCHASE
SUNDRMBRAK,AUTO ANCILLARIES
SUNDRMFAST,FASTENERS
SUNFLAG,STEEL - ROLLING
SUNILHITEC,POWER - TRANSMISSION/EQUIPMENT
SUNPHARMA,PHARMACEUTICALS
SUNTECK,CONSTRUCTION & CONTRACTING - REAL ESTATE
SUNTV,MEDIA & ENTERTAINMENT
SUPER,TEXTILES - HOSIERY/KNITWEAR
SUPERSPIN,TEXTILES - SPINNING - COTTON BLENDED
SUPPETRO,PETROCHEMICALS
SUPRAJIT,AUTO ANCILLARIES
SUPREMEIND,PLASTICS
SUPREMEINF,CONSTRUCTION & CONTRACTING - CIVIL
SURANAT&P,CABLES - TELEPHONE
SURYAJYOTI,TEXTILES - SPINNING - COTTON BLENDED
SURYALAXMI,TEXTILES - SPINNING - COTTON BLENDED
SURYAROSNI,STEEL - TUBES/PIPES
SUVEN,PHARMACEUTICALS
SUZLON,INFRASTRUCTURE - GENERAL
SWANENERGY,TRADING
SWARAJENG,ENGINES
SWELECTES,ELECTRIC EQUIPMENT
SYMPHONY,CONSUMER GOODS - WHITE GOODS
SYNCOM,PHARMACEUTICALS
SYNDIBANK,BANKS - PUBLIC SECTOR
TAJGVK,HOTELS
TAKE,COMPUTERS - SOFTWARE MEDIUM/SMALL
TALBROAUTO,AUTO ANCILLARIES
TALWALKARS,MISCELLANEOUS
TANFACIND,CHEMICALS
TANTIACONS,CONSTRUCTION & CONTRACTING - CIVIL
TARAJEWELS,DIAMOND CUTTING/PRECIOUS METALS/JEWELLERY
TATACHEM,CHEMICALS
TATACOFFEE,PLANTATIONS - TEA & COFFEE
TATACOMM,TELECOMMUNICATIONS - SERVICE
TATAELXSI,COMPUTERS - SOFTWARE
TATAGLOBAL,PLANTATIONS - TEA & COFFEE
TATAINVEST,FINANCE - INVESTMENTS
TATAMOTORS,AUTO - LCVS/HCVS
TATAMTRDVR,AUTO - LCVS/HCVS
TATAPOWER,POWER - GENERATION/DISTRIBUTION
TATASPONGE,STEEL - SPONGE IRON
TATASTEEL,STEEL - LARGE
TBZ,DIAMOND CUTTING/PRECIOUS METALS/JEWELLERY
TCI,FINANCE - INVESTMENTS
TCS,COMPUTERS - SOFTWARE
TDPOWERSYS,ENGINEERING - HEAVY
TECHM,COMPUTERS - SOFTWARE
TECHNO,CASTINGS & FORGINGS
TECHNOFAB,ENGINEERING
TEXINFRA,INFRASTRUCTURE - GENERAL
TEXMOPIPES,PLASTICS
TEXRAIL,INFRASTRUCTURE - GENERAL
TFCILTD,FINANCE - TERM LENDING INSTITUTIONS
TGBHOTELS,HOTELS
THANGAMAYL,DIAMOND CUTTING/PRECIOUS METALS/JEWELLERY
THEBYKE,FINANCE - GENERAL
THEMISMED,PHARMACEUTICALS
THERMAX,INFRASTRUCTURE - GENERAL
THINKSOFT,COMPUTERS - SOFTWARE
THIRUSUGAR,SUGAR
THOMASCOOK,MISCELLANEOUS
TI,STEEL - MEDIUM / SMALL
TIDEWATER,LUBRICANTS
TIIL,STEEL - MEDIUM / SMALL
TIJARIA,PLASTICS
TIL,BREWERIES & DISTILLERIES
TIMBOR,MISCELLANEOUS
TIMETECHNO,PACKAGING
TIMKEN,BEARINGS
TINPLATE,METALS - NON FERROUS
TIPSINDLTD,MEDIA & ENTERTAINMENT
TIRUMALCHM,CHEMICALS
TITAN,STEEL - MEDIUM / SMALL
TNPETRO,DETERGENTS
TNPL,PAPER
TORNTPHARM,PHARMACEUTICALS
TORNTPOWER,POWER - GENERATION/DISTRIBUTION
TREEHOUSE,COMPUTERS - SOFTWARE - TRAINING
TRENT,MISCELLANEOUS
TRF,ENGINEERING - HEAVY
TRIDENT,CONSTRUCTION & CONTRACTING - CIVIL
TRIGYN,COMPUTERS - SOFTWARE MEDIUM/SMALL
TRIL,MISCELLANEOUS
TRITURBINE,ENGINEERING - HEAVY
TRIVENI,GLASS & GLASS PRODUCTS
TTKHEALTH,PHARMACEUTICALS
TTKPRESTIG,DOMESTIC APPLIANCES
TTL,TEXTILES - HOSIERY/KNITWEAR
TTML,TELECOMMUNICATIONS - SERVICE
TUBEINVEST,MISCELLANEOUS
TULIP,TELECOMMUNICATIONS - SERVICE
TULSI,SUGAR
TV18BRDCST,MEDIA & ENTERTAINMENT
TVSELECT,COMPUTERS - HARDWARE
TVSMOTOR,AUTO - 2 & 3 WHEELERS
TVSSRICHAK,TYRES
TVTODAY,MEDIA & ENTERTAINMENT
TWL,INFRASTRUCTURE - GENERAL
UBENGG,ENGINEERING - HEAVY
UBHOLDINGS,TRADING
UBL,BREWERIES & DISTILLERIES
UCALFUEL,AUTO ANCILLARIES
UCOBANK,BANKS - PUBLIC SECTOR
UFLEX,PACKAGING
UGARSUGAR,SUGAR
UJAAS,POWER - TRANSMISSION/EQUIPMENT
ULTRACEMCO,CEMENT - MAJOR
UNICHEMLAB,PHARMACEUTICALS
UNIENTER,TRADING
UNIONBANK,BANKS - PUBLIC SECTOR
UNITECH,PACKAGING
UNITEDBNK,BANKS - PUBLIC SECTOR
UNITY,STEEL - MEDIUM / SMALL
UPERGANGES,SUGAR
UPL,CHEMICALS
USHAMART,STEEL - LARGE
USHERAGRO,FOOD PROCESSING
UTTAMSTL,STEEL - GP/GC SHEETS
UTTAMVALUE,STEEL - CR/HR STRIPS
VADILALIND,FOOD PROCESSING
VAIBHAVGBL,DIAMOND CUTTING/PRECIOUS METALS/JEWELLERY
VAKRANSOFT,COMPUTERS - SOFTWARE MEDIUM/SMALL
VALECHAENG,CONSTRUCTION & CONTRACTING - CIVIL
VALUEIND,CONSUMER GOODS - WHITE GOODS
VARDHACRLC,TEXTILES - MANMADE
VARDMNPOLY,TEXTILES - SPINNING - COTTON BLENDED
VARUN,CEMENT - MINI
VARUNSHIP,SHIPPING
VASCONEQ,CONSTRUCTION & CONTRACTING - REAL ESTATE
VENKEYS,MISCELLANEOUS
VENUSREM,PHARMACEUTICALS
VESUVIUS,CEMENT - PRODUCTS/BUILDING MATERIALS
VGUARD,MISCELLANEOUS
VHL,TEXTILES - SPINNING - SYNTHETIC BLENDED
VICEROY,HOTELS
VIDEOIND,CONSUMER GOODS - ELECTRONIC
VIJAYABANK,BANKS - PUBLIC SECTOR
VIJSHAN,CONSTRUCTION & CONTRACTING - HOUSING
VIKASGLOB,FINANCE - INVESTMENTS
VIMALOIL,EDIBLE OILS & SOLVENT EXTRACTION
VIMTALABS,MISCELLANEOUS
VINATIORGA,CHEMICALS
VINDHYATEL,CABLES - TELEPHONE
VINYLINDIA,CHEMICALS
VIPIND,PLASTICS
VISAKAIND,CEMENT - PRODUCTS/BUILDING MATERIALS
VISASTEEL,STEEL - LARGE
VISESHINFO,COMPUTERS - SOFTWARE MEDIUM/SMALL
VISUINTL,COMPUTERS - SOFTWARE MEDIUM/SMALL
VIVIMEDLAB,PHARMACEUTICALS
VKSPL,ENGINEERING
VLSFINANCE,FINANCE - LEASING & HIRE PURCHASE
VOLTAMP,POWER - TRANSMISSION/EQUIPMENT
VOLTAS,DIVERSIFIED
VSSL,STEEL - MEDIUM / SMALL
VSTIND,CIGARETTES
VSTTILLERS,AUTO - TRACTORS
VTL,TEXTILES - SPINNING - COTTON BLENDED
WABAG,INFRASTRUCTURE - GENERAL
WABCOINDIA,AUTO ANCILLARIES
WALCHANNAG,ENGINEERING - HEAVY
WEIZMANIND,TEXTILES - PROCESSING
WELCORP,STEEL - TUBES/PIPES
WELINV,FINANCE - INVESTMENTS
WELPROJ,CONSTRUCTION & CONTRACTING - CIVIL
WELSPUNIND,TEXTILES - WEAVING
WHEELS,AUTO ANCILLARIES
WHIRLPOOL,DOMESTIC APPLIANCES
WINDMACHIN,ENGINEERING - HEAVY
WINSOME,BREWERIES & DISTILLERIES
WINSOMEDJ,DIAMOND CUTTING/PRECIOUS METALS/JEWELLERY
WIPRO,COMPUTERS - SOFTWARE
WOCKPHARMA,PHARMACEUTICALS
WSI,ELECTRIC EQUIPMENT
WSTCSTPAPR,PAPER
WYETH,PHARMACEUTICALS
XLENERGY,TELECOMMUNICATIONS - EQUIPMENT
XPROINDIA,PACKAGING
YESBANK,BANKS - PRIVATE SECTOR
ZANDUREALT,CONSTRUCTION & CONTRACTING - REAL ESTATE
ZEEL,COMPUTERS - SOFTWARE - TRAINING
ZEELEARN,COMPUTERS - SOFTWARE - TRAINING
ZEEMEDIA,MEDIA & ENTERTAINMENT
ZENITHCOMP,COMPUTERS - HARDWARE
ZENSARTECH,COMPUTERS - SOFTWARE
ZICOM,ELECTRICALS
ZODIACLOTH,TEXTILES - READYMADE APPARELS
ZUARI,FERTILISERS
ZUARIGLOB,FERTILISERS
ZYDUSWELL,VANASPATI/OILS
ZYLOG,COMPUTERS - SOFTWARE MEDIUM/SMALL
