SYMBOL,FULLNAME,SECTOR
3IINFOTECH,3i Infotech Limited,COMPUTERS - SOFTWARE
ABCIL,Aditya Birla Chemicals (India) Limited,CHEMICALS
ACROPETAL,Acropetal Technologies Limited,COMPUTERS - SOFTWARE
ADHUNIK,Adhunik Metaliks Limited,STEEL - SPONGE IRON
ADSL,Allied Digital Services Limited,COMPUTERS - SOFTWARE MEDIUM/SMALL
AFTEK,Aftek Limited,COMPUTERS - SOFTWARE MEDIUM/SMALL
AHLUCONT,Ahluwalia Contracts (India) Limited,CONSTRUCTION & CONTRACTING - CIVIL
ALPHAGEO,Alphageo (India) Limited,OIL DRILLING AND EXPLORATION
AMAR,Amar Remedies Limited,BREWERIES & DISTILLERIES
ANIKINDS,Anik Industries Limited,EDIBLE OILS & SOLVENT EXTRACTION
APLAB,Aplab Limited,TELECOMMUNICATIONS - EQUIPMENT
ARSSINFRA,ARSS Infrastructure Projects Limited,CONSTRUCTION & CONTRACTING - CIVIL
ASIANELEC,Asian Electronics Limited,ELECTRICALS
AUSTRAL,Austral Coke & Projects Limited,MISCELLANEOUS
BARTRONICS,Bartronics India Limited,MISCELLANEOUS
BEPL,Bhansali Engineering Polymers Limited,PETROCHEMICALS
BHARTISHIP,Bharati Shipyard Limited,SHIPPING
BINDALAGRO,Oswal Chemicals & Fertilizers Limited,FERTILISERS
BIRLACOT,Birla Cotsyn (India) Limited,TEXTILES - SPINNING - SYNTHETIC BLENDED
BIRLAMONEY,Aditya Birla Money Limited,FINANCE - GENERAL
BIRLAPOWER,Birla Power Solutions Limited,ELECTRIC EQUIPMENT
BRANDHOUSE,Brandhouse Retails Limited,RETAIL
BSELINFRA,BSEL Infrastructure Realty Limited,CONSTRUCTION & CONTRACTING - HOUSING
CEREBRAINT,Cerebra Integrated Technologies Limited,COMPUTERS - HARDWARE
CHROMATIC,Chromatic India Limited,DYES & PIGMENTS
CLUTCHAUTO,Clutch Auto Limited,AUTO ANCILLARIES
DRDATSONS,Dr. Datson's Labs Limited,PHARMACEUTICALS
DYNATECH,some problem with the quote DYNATECH,COMPUTERS - SOFTWARE
EKC,Everest Kanto Cylinder Limited,PACKAGING
ESSARSHPNG,Essar Shipping Limited,SHIPPING
ESTER,Ester Industries Limited,PACKAGING
EXCELCROP,Excel Crop Care Limited,PESTICIDES/AGRO CHEMICALS
FARMAXIND,Farmax India Limited,TRADING
FCSSOFT,FCS Software Solutions Limited,COMPUTERS - SOFTWARE MEDIUM/SMALL
FMNL,Future Market Networks Limited,MISCELLANEOUS
FOURSOFT,Four Soft Limited,COMPUTERS - SOFTWARE MEDIUM/SMALL
GAMMONIND,Gammon India Limited,CONSTRUCTION & CONTRACTING - CIVIL
GARDENSILK,Garden Silk Mills Limited,TEXTILES - WEAVING
GEMINI,Gemini Communication Limited,MISCELLANEOUS
GEODESIC,Geodesic Limited,COMPUTERS - SOFTWARE
GINNIFILA,Ginni Filaments Limited,TEXTILES - SPINNING - COTTON BLENDED
GKB,GKB Ophthalmics Limited,PERSONAL CARE
GLODYNE,Glodyne Technoserve Limited,COMPUTERS - SOFTWARE MEDIUM/SMALL
GOKEX,Gokaldas Exports Limited,TEXTILES - READYMADE APPARELS
GOLDENTOBC,Golden Tobacco Limited,CIGARETTES
GREENFIRE,Green Fire Agri Commodities Limited,COMPUTERS - SOFTWARE MEDIUM/SMALL
HANUNG,Hanung Toys and Textiles Limited,MISCELLANEOUS
HINDOILEXP,Hindustan Oil Exploration Company Limited,OIL DRILLING AND EXPLORATION
HOVS,HOV Services Limited,COMPUTERS - SOFTWARE MEDIUM/SMALL
IBWSL,Indiabulls Wholesale Services Limited,MISCELLANEOUS
ICIL,Indo Count Industries Limited,TEXTILES - SPINNING - COTTON BLENDED
ICSA,ICSA (India) Limited,COMPUTERS - SOFTWARE
INDBANK,Indbank Merchant Banking Services Limited,FINANCE - GENERAL
INDOSOLAR,Indosolar Limited,MISCELLANEOUS
INDSWFTLAB,Ind-Swift Laboratories Limited,PHARMACEUTICALS
INDSWFTLTD,Ind-Swift Limited,PHARMACEUTICALS
INFODRIVE,Info-Drive Software Limited,COMPUTERS - SOFTWARE MEDIUM/SMALL
INVENTURE,Inventure Growth & Securities Limited,FINANCE - INVESTMENTS
JCTEL,JCT Electronics Limited,ELECTRICALS
JIKIND,JIK Industries Limited,TRADING
JPOLYINVST,Jindal Poly Investment and Finance Company Limited,FINANCE - GENERAL
KGL,Karuturi Global Limited,MISCELLANEOUS
KIRIINDUS,Kiri Industries Limited,DYES & PIGMENTS
KLGSYSTEL,KLG Systel Limited,COMPUTERS - SOFTWARE MEDIUM/SMALL
KOPDRUGS,KDL Biotech Limited,PHARMACEUTICALS
KOVAI,Kovai Medical Center & Hospital Limited,HOSPITALS & MEDICAL SERVICES
LAKSHMIFIN,The Lakshmi Finance & Industrial Corporation Limited,FINANCE - GENERAL
LOTUSEYE,Lotus Eye Care Hospital Limited,HOSPITALS & MEDICAL SERVICES
MARG,Marg Limited,CONSTRUCTION & CONTRACTING - HOUSING
MEGASOFT,Megasoft Limited,COMPUTERS - SOFTWARE MEDIUM/SMALL
MELSTAR,Melstar Information Technologies Limited,COMPUTERS - SOFTWARE MEDIUM/SMALL
MERCATOR,Mercator Limited,SHIPPING
MIC,MIC Electronics Limited,TELECOMMUNICATIONS - EQUIPMENT
MICROTECH,Micro Technologies (India) Limited,COMPUTERS - SOFTWARE MEDIUM/SMALL
MIRCELECTR,MIRC Electronics Limited,CONSUMER GOODS - ELECTRONIC
MOREPENLAB,Morepen Laboratories Limited,PHARMACEUTICALS
MUKANDLTD,Mukand Limited,STEEL - MEDIUM / SMALL
MUKTAARTS,Mukta Arts Limited,MEDIA & ENTERTAINMENT
MVL,MVL Limited,CONSTRUCTION & CONTRACTING - REAL ESTATE
NEHAINT,Neha International Limited,MISCELLANEOUS
NGCT,Northgate Com Tech Limited,COMPUTERS - SOFTWARE MEDIUM/SMALL
NITCO,Nitco Limited,CERAMICS/GRANITE
NITESHEST,Nitesh Estates Limited,CONSTRUCTION & CONTRACTING - REAL ESTATE
PARABDRUGS,Parabolic Drugs Limited,PHARMACEUTICALS
PARASPETRO,Paras Petrofils Limited,TEXTILES - MANMADE
PBAINFRA,PBA Infrastructure Limited,CONSTRUCTION & CONTRACTING - CIVIL
PETRONENGG,Petron Engineering Construction Limited,ENGINEERING
PILANIINV,Pilani Investment and Industries Corporation Limited,FINANCE - GENERAL
PIRPHYTO,Piramal Phytocare Limited,PHARMACEUTICALS
PNC,Pritish Nandy Communications Limited,FINANCE - INVESTMENTS
PRADIP,Pradip Overseas Limited,TEXTILES - WEAVING
PRESSMN,Pressman Advertising Limited,MEDIA & ENTERTAINMENT
PROZONECSC,Prozone Capital Shopping Centres Limited,RETAIL
PUNJABCHEM,Punjab Chemicals & Crop Protection Limited,CHEMICALS
RAJOIL,Raj Oil Mills Limited,EDIBLE OILS & SOLVENT EXTRACTION
RAMKY,Ramky Infrastructure Limited,CONSTRUCTION & CONTRACTING - CIVIL
RBN,Reliance Broadcast Network Limited,MEDIA & ENTERTAINMENT
REFEX,Refex Refrigerants Limited,CHEMICALS
REISIXTEN,REI Six Ten Retail Limited,RETAIL
RMMIL,Resurgere Mines & Minerals Limited,MINING/MINERALS
SALSTEEL,S.A.L. Steel Limited,STEEL - MEDIUM / SMALL
SAMTEL,Samtel Color Limited,ELECTRICALS
SANGHVIFOR,Sanghvi Forging and Engineering Limited,CASTINGS & FORGINGS
SHIV-VANI,Shiv-Vani Oil & Gas Exploration Services Limited,OIL DRILLING AND EXPLORATION
SHLAKSHMI,Shri Lakshmi Cotsyn Limited,TEXTILES - PROCESSING
SHREEASHTA,Shree Ashtavinayak Cine Vision Limited,MEDIA & ENTERTAINMENT
SHYAMTEL,Shyam Telecom Limited,TELECOMMUNICATIONS - EQUIPMENT
SKUMARSYNF,S. Kumars Nationwide Limited,TEXTILES - SYNTHETIC/SILK
SMPL,Sujana Metal Products Limited,STEEL - ROLLING
SOUISPAT,Southern Ispat And Energy Limited,STEEL - ROLLING
SPLIL,SPL Industries Limited,TEXTILES - READYMADE APPARELS
SPMLINFRA,SPML Infra Limited,CONSTRUCTION & CONTRACTING - CIVIL
SRGINFOTEC,SRG Infotec (India) Limited,COMPUTERS - SOFTWARE MEDIUM/SMALL
SUBEX,Subex Limited,COMPUTERS - SOFTWARE MEDIUM/SMALL
SURYAPHARM,Surya Pharmaceutical Limited,PHARMACEUTICALS
TANLA,Tanla Solutions Limited,COMPUTERS - SOFTWARE MEDIUM/SMALL
TARAPUR,Tarapur Transformers Limited,POWER - TRANSMISSION/EQUIPMENT
TATAMETALI,Tata Metaliks Limited,STEEL - PIG IRON
TCIDEVELOP,TCI Developers Limited,CONSTRUCTION & CONTRACTING - REAL ESTATE
TCPLTD,some problem with the quote TCPLTD,CHEMICALS
TECPRO,Tecpro Systems Limited,ENGINEERING - HEAVY
TNTELE,Tamilnadu Telecommunication Limited,CABLES - TELEPHONE
TOKYOPLAST,Tokyo Plast International Limited,PLASTICS
TRICOM,Tricom India Limited,COMPUTERS - SOFTWARE MEDIUM/SMALL
TWILITAKA,Twilight Litaka Pharma Limited,PHARMACEUTICALS
UTTAMSUGAR,Uttam Sugar Mills Limited,SUGAR
V2RETAIL,V2 Retail Limited,TRADING
VMART,V-Mart Retail Limited,RETAIL
WANBURY,Wanbury Limited,PHARMACEUTICALS
WEBELSOLAR,Websol Energy System Limited,MISCELLANEOUS
WILLAMAGOR,Williamson Magor & Company Limited,FINANCE - INVESTMENTS
XCHANGING,Xchanging Solutions Limited,COMPUTERS - SOFTWARE MEDIUM/SMALL
ZENITHBIR,Zenith Birla (India) Limited,STEEL - TUBES/PIPES
ZENITHINFO,Zenith Infotech Limited,COMPUTERS - SOFTWARE MEDIUM/SMALL
JAICORPLTD,Jai Corp Limited,STEEL - GP/GC SHEETS
STAN,Standard Chartered PLC,ENGINEERING
20MICRONS,20 Microns Limited,MINING/MINERALS
3MINDIA,3M India Limited,DIVERSIFIED
A2ZMES,A2Z Maintenance & Engineering Services Limited,POWER - TRANSMISSION/EQUIPMENT
AARTIDRUGS,Aarti Drugs Limited,PHARMACEUTICALS
AARTIIND,Aarti Industries Limited,CHEMICALS
AARVEEDEN,Aarvee Denims & Exports Limited,TEXTILES - DENIM
ABAN,Aban Offshore Limited,OIL DRILLING AND EXPLORATION
ABB,ABB India Limited,PHARMACEUTICALS
ABBOTINDIA,Abbott India Limited,PHARMACEUTICALS
ABGSHIP,ABG Shipyard Limited,SHIPPING
ABIRLANUVO,Aditya Birla Nuvo Limited,TEXTILES - MANMADE
ACC,ACC Limited,TRADING
ACCELYA,Accelya Kale Solutions Limited,COMPUTERS - SOFTWARE MEDIUM/SMALL
ACE,Action Construction Equipment Limited,COMPUTERS - SOFTWARE MEDIUM/SMALL
ADANIENT,Adani Enterprises Limited,TRADING
ADANIPORTS,Adani Ports and Special Economic Zone Limited,INFRASTRUCTURE - GENERAL
ADANIPOWER,Adani Power Limited,POWER - GENERATION/DISTRIBUTION
ADFFOODS,ADF Foods Limited,FOOD PROCESSING
ADORWELD,Ador Welding Limited,ELECTRODES/GRAPHITE
ADVANIHOTR,Advani Hotels & Resorts (India) Limited,HOTELS
ADVANTA,Advanta Limited,MISCELLANEOUS
AEGISCHEM,Aegis Logistics Limited,TRANSPORT & LOGISTICS
AFL,Accel Frontline Limited,COMPUTERS - SOFTWARE MEDIUM/SMALL
AGCNET,AGC Networks Limited,COMPUTERS - SOFTWARE
AGRODUTCH,Agro Dutch Industries Limited,FOOD PROCESSING
AHLEAST,Asian Hotels (East) Limited,HOTELS
AHLWEST,Asian Hotels (West) Limited,HOTELS
AHMEDFORGE,Ahmednagar Forgings Limited,CASTINGS & FORGINGS
AIAENG,AIA Engineering Limited,ENGINEERING - HEAVY
AIL,Alstom India Limited,POWER - TRANSMISSION/EQUIPMENT
AJANTPHARM,Ajanta Pharma Limited,PHARMACEUTICALS
AJMERA,Ajmera Realty & Infra India Limited,STEEL - GP/GC SHEETS
AKSHOPTFBR,Aksh Optifibre Limited,CABLES - TELEPHONE
AKZOINDIA,Akzo Nobel India Limited,PAINTS/VARNISHES
ALBK,Allahabad Bank,BANKS - PUBLIC SECTOR
ALCHEM,Alchemist Limited,PESTICIDES/AGRO CHEMICALS
ALEMBICLTD,Alembic Limited,PHARMACEUTICALS
ALKALI,Alkali Metals Limited,CHEMICALS
ALKYLAMINE,Alkyl Amines Chemicals Limited,CHEMICALS
ALLCARGO,Allcargo Logistics Limited,TRANSPORT & LOGISTICS
ALOKTEXT,Alok Industries Limited,TEXTILES - WEAVING
ALPSINDUS,Alps Industries Limited,TEXTILES - GENERAL
ALSTOMT&D,Alstom T&D India Limited,POWER - TRANSMISSION/EQUIPMENT
AMARAJABAT,Amara Raja Batteries Limited,AUTO ANCILLARIES
AMARJOTHI,Amarjothi Spinning Mills Limited,TEXTILES - SPINNING - COTTON BLENDED
AMBUJACEM,Ambuja Cements Limited,CEMENT - MAJOR
AMDIND,AMD Industries Limited,PACKAGING
AMRUTANJAN,Amrutanjan Health Care Limited,PHARMACEUTICALS
AMTEKAUTO,Amtek Auto Limited,AUTO ANCILLARIES
AMTEKINDIA,Amtek India Limited,AUTO ANCILLARIES
AMTL,Advance Metering Technology Limited,POWER - GENERATION/DISTRIBUTION
ANANTRAJ,Anant Raj Limited,CONSTRUCTION & CONTRACTING - REAL ESTATE
ANDHRABANK,Andhra Bank,BANKS - PUBLIC SECTOR
ANDHRACEMT,Andhra Cements Limited,CEMENT - MAJOR
ANDHRSUGAR,The Andhra Sugars Limited,SUGAR
ANKITMETAL,Ankit Metal & Power Limited,STEEL - SPONGE IRON
ANSALAPI,Ansal Properties & Infrastructure Limited,CONSTRUCTION & CONTRACTING - HOUSING
ANSALHSG,Ansal Housing and Construction Limited,CONSTRUCTION & CONTRACTING - HOUSING
ANTGRAPHIC,Antarctica Limited,PRINTING & STATIONERY
APARINDS,Apar Industries Limited,RUBBER
APCOTEXIND,Apcotex Industries Limited,RUBBER
APLAPOLLO,APL Apollo Tubes Limited,STEEL - TUBES/PIPES
APLLTD,Alembic Pharmaceuticals Limited,PHARMACEUTICALS
APOLLOHOSP,Apollo Hospitals Enterprise Limited,HOSPITALS & MEDICAL SERVICES
APOLLOTYRE,Apollo Tyres Limited,TYRES
APPAPER,The Andhra Pradesh Paper Mills Limited,PAPER
APTECHT,Aptech Limited,COMPUTERS - SOFTWARE - TRAINING
AQUA,Aqua Logistics Limited,AQUACULTURE
ARCHIDPLY,Archidply Industries Limited,MISCELLANEOUS
ARCHIES,Archies Limited,PRINTING & STATIONERY
ARIES,Aries Agro Limited,MISCELLANEOUS
ARROWTEX,Arrow Textiles Limited,TEXTILES - WEAVING
ARSHIYA,Arshiya International Limited,TRANSPORT & LOGISTICS
ARVIND,Arvind Limited,TEXTILES - DENIM
ARVINDREM,Arvind Remedies Limited,PHARMACEUTICALS
ASAHIINDIA,Asahi India Glass Limited,GLASS & GLASS PRODUCTS
ASAHISONG,Asahi Songwon Colors Limited,DYES & PIGMENTS
ASAL,Automotive Stampings and Assemblies Limited,AUTO ANCILLARIES
ASHAPURMIN,Ashapura Minechem Limited,MINING/MINERALS
ASHIANA,Ashiana Housing Limited,CONSTRUCTION & CONTRACTING - HOUSING
ASHIMASYN,Ashima Limited,TEXTILES - SPINNING - COTTON BLENDED
ASHOKA,Ashoka Buildcon Limited,MISCELLANEOUS
ASHOKLEY,Ashok Leyland Limited,AUTO - LCVS/HCVS
ASIANHOTNR,Asian Hotels (North) Limited,HOTELS
ASIANPAINT,Asian Paints Limited,PAINTS/VARNISHES
ASIANTILES,Asian Granito India Limited,CERAMICS/GRANITE
ASSAMCO,Assam Company India Limited,PLANTATIONS - TEA & COFFEE
ASTEC,Astec LifeSciences Limited,PHARMACEUTICALS
ASTRAL,Astral Poly Technik Limited,PLASTICS
ASTRAMICRO,Astra Microwave Products Limited,TELECOMMUNICATIONS - EQUIPMENT
ASTRAZEN,AstraZeneca Pharma India Limited,PHARMACEUTICALS
ATFL,Agro Tech Foods Limited,EDIBLE OILS & SOLVENT EXTRACTION
ATLANTA,Atlanta  Limited,CONSTRUCTION & CONTRACTING - CIVIL
ATLASCYCLE,Atlas Cycles (Haryana) Limited,MISCELLANEOUS
ATUL,Atul Limited,DYES & PIGMENTS
ATULAUTO,Atul Auto Limited,AUTO - 2 & 3 WHEELERS
AURIONPRO,Aurionpro Solutions Limited,COMPUTERS - SOFTWARE MEDIUM/SMALL
AUROPHARMA,Aurobindo Pharma Limited,PHARMACEUTICALS
AUTOAXLES,Automotive Axles Limited,AUTO ANCILLARIES
AUTOIND,Autoline Industries Limited,AUTO ANCILLARIES
AVANTI,Avanti Feeds Limited,AQUACULTURE
AVTNPL,AVT Natural Products Limited,EDIBLE OILS & SOLVENT EXTRACTION
AXIS-IT&T,Axis-IT&T Limited,COMPUTERS - SOFTWARE MEDIUM/SMALL
AXISBANK,Axis Bank Limited,BANKS - PRIVATE SECTOR
AXISGOLD,Axis Mutual Fund - Axis Gold ETF,FINANCE - INVESTMENTS
BAFNAPHARM,Bafna Pharmaceuticals Limited,PHARMACEUTICALS
BAGFILMS,B.A.G Films and Media Limited,MEDIA & ENTERTAINMENT
BAJAJ-AUTO,Bajaj Auto Limited,AUTO - 2 & 3 WHEELERS
BAJAJCORP,Bajaj Corp Limited,PERSONAL CARE
BAJAJELEC,Bajaj Electricals Limited,DOMESTIC APPLIANCES
BAJAJFINSV,Bajaj Finserv Limited,FINANCE - INVESTMENTS
BAJAJHIND,Bajaj Hindusthan Limited,SUGAR
BAJAJHLDNG,Bajaj Holdings & Investment Limited,FINANCE - INVESTMENTS
BAJFINANCE,Bajaj Finance Limited,FINANCE - LEASING & HIRE PURCHASE
BALAJITELE,Balaji Telefilms Limited,MEDIA & ENTERTAINMENT
BALAMINES,Balaji Amines Limited,CHEMICALS
BALKRISIND,Balkrishna Industries Limited,TYRES
BALLARPUR,Ballarpur Industries Limited,PAPER
BALMLAWRIE,Balmer Lawrie & Company Limited,PACKAGING
BALPHARMA,Bal Pharma Limited,PHARMACEUTICALS
BALRAMCHIN,Balrampur Chini Mills Limited,SUGAR
BANCOINDIA,Banco Products (I) Limited,AUTO ANCILLARIES
BANKBARODA,Bank of Baroda,BANKS - PUBLIC SECTOR
BANKBEES,Goldman Sachs Banking Index Exchange Traded Scheme,FINANCE - INVESTMENTS
BANKINDIA,Bank of India,BANKS - PUBLIC SECTOR
BASF,BASF India Limited,CHEMICALS
BASML,Bannari Amman Spinning Mills Limited,TEXTILES - GENERAL
BATAINDIA,Bata India Limited,LEATHER PRODUCTS
BAYERCROP,Bayer Cropscience Limited,PESTICIDES/AGRO CHEMICALS
BBL,Bharat Bijlee Limited,ELECTRIC EQUIPMENT
BBTC,Bombay Burmah Trading Corporation Limited,PLANTATIONS - TEA & COFFEE
BECREL,Best & Crompton Engg. Limited,ELECTRIC EQUIPMENT
BEDMUTHA,Bedmutha Industries Limited,STEEL - MEDIUM / SMALL
BEL,Bharat Electronics Limited,CERAMICS/GRANITE
BEML,BEML Limited,INFRASTRUCTURE - GENERAL
BERGEPAINT,Berger Paints (I) Limited,PAINTS/VARNISHES
BFINVEST,BF Investment Limited,FINANCE - INVESTMENTS
BFUTILITIE,BF Utilities Limited,POWER - GENERATION/DISTRIBUTION
BGLOBAL,Bharatiya Global Infomedia Limited,MISCELLANEOUS
BGRENERGY,BGR Energy Systems Limited,INFRASTRUCTURE - GENERAL
BHAGYNAGAR,Bhagyanagar India Limited,CABLES - TELEPHONE
BHARATFORG,Bharat Forge Limited,CASTINGS & FORGINGS
BHARATGEAR,Bharat Gears Limited,AUTO ANCILLARIES
BHARATRAS,Bharat Rasayan Limited,PESTICIDES/AGRO CHEMICALS
BHARTIARTL,Bharti Airtel Limited,TELECOMMUNICATIONS - SERVICE
BHEL,Bharat Heavy Electricals Limited,INFRASTRUCTURE - GENERAL
BHUSANSTL,Bhushan Steel Limited,STEEL - CR/HR STRIPS
BIL,Bhartiya International Limited,MISCELLANEOUS
BILPOWER,Bilpower  Limited,METALS - NON FERROUS
BIMETAL,Bimetal Bearings Limited,BEARINGS
BINANIIND,Binani Industries Limited,GLASS & GLASS PRODUCTS
BIOCON,Biocon Limited,PHARMACEUTICALS
BIRLACORPN,Birla Corporation Limited,CEMENT - MAJOR
BLISSGVS,Bliss GVS Pharma Limited,MISCELLANEOUS
BLKASHYAP,B. L. Kashyap and Sons Limited,CONSTRUCTION & CONTRACTING - CIVIL
BLUEDART,Blue Dart Express Limited,COURIERS
BLUESTARCO,Blue Star Limited,CONSUMER GOODS - WHITE GOODS
BLUESTINFO,Blue Star Infotech Limited,COMPUTERS - SOFTWARE
BOMDYEING,Bombay Dyeing & Mfg Company Limited,DIVERSIFIED
BOSCHLTD,Bosch Limited,AUTO ANCILLARIES
BPCL,Bharat Petroleum Corporation Limited,REFINERIES
BPL,BPL Limited,ELECTRICALS
BRFL,Bombay Rayon Fashions Limited,TEXTILES - GENERAL
BRIGADE,Brigade Enterprises Limited,CONSTRUCTION & CONTRACTING - REAL ESTATE
BRITANNIA,Britannia Industries Limited,FOOD PROCESSING
BROOKS,Brooks Laboratories Limited,PHARMACEUTICALS
BSL,BSL Limited,TEXTILES - WEAVING
BSLGOLDETF,Birla Sun Life Mutual Fund - Birla Sun Life Gold ETF - Growth,FINANCE - INVESTMENTS
BSLIMITED,BS LIMITED,POWER - TRANSMISSION/EQUIPMENT
BSLNIFTY,Birla Sun Life Mutual Fund - Birla Sun Life Nifty ETF - Growth,FINANCE - INVESTMENTS
BURNPUR,Burnpur Cement Limited,CEMENT - MAJOR
CADILAHC,Cadila Healthcare Limited,PHARMACEUTICALS
CAIRN,Cairn India Limited,OIL DRILLING AND EXPLORATION
CANBK,Canara Bank,BANKS - PUBLIC SECTOR
CANDC,C & C Constructions Limited,CONSTRUCTION & CONTRACTING - CIVIL
CANFINHOME,Can Fin Homes Limited,FINANCE - HOUSING
CANTABIL,Cantabil Retail India Limited,RETAIL
CAPF,Capital First Limited,FINANCE - GENERAL
CARBORUNIV,Carborundum Universal Limited,ABRASIVES
CAREERP,Career Point Limited,COMPUTERS - SOFTWARE - TRAINING
CARERATING,Credit Analysis And Research Limited,MISCELLANEOUS
CASTROL,Castrol India Limited,LUBRICANTS
CCCL,Consolidated Construction Consortium Limited,CONSTRUCTION & CONTRACTING - CIVIL
CCL,CCL Products (India) Limited,PLANTATIONS - TEA & COFFEE
CEATLTD,CEAT Limited,TYRES
CEBBCO,Commercial Engineers & Body Builders Co Limited,ENGINEERING
CELEBRITY,Celebrity Fashions Limited,TEXTILES - READYMADE APPARELS
CELESTIAL,Celestial Biolabs Limited,PHARMACEUTICALS
CENTENKA,Century Enka Limited,TEXTILES - MANMADE
CENTRALBK,Central Bank of India,BANKS - PUBLIC SECTOR
CENTUM,Centum Electronics Limited,ELECTRICALS
CENTURYPLY,Century Plyboards (India) Limited,MISCELLANEOUS
CENTURYTEX,Century Textiles & Industries Limited,DIVERSIFIED
CERA,Cera Sanitaryware Limited,CERAMICS/GRANITE
CESC,CESC Limited,POWER - GENERATION/DISTRIBUTION
CGCL,Capri Global Capital Limited,some problem with symbol: CGCL
CHAMBLFERT,Chambal Fertilizers & Chemicals Limited,FERTILISERS
CHEMFALKAL,Chemfab Alkalis Limited,CHEMICALS
CHENNPETRO,Chennai Petroleum Corporation Limited,REFINERIES
CHOLAFIN,Cholamandalam Investment and Finance Company Limited,FINANCE - LEASING & HIRE PURCHASE
CILNOVA,CIL Nova Petrochemicals Limited,TEXTILES - MANMADE
CIMMCO,Cimmco Limited,DIVERSIFIED
CINELINE,Cineline India Limited,MEDIA & ENTERTAINMENT
CINEMAXIN,Cinemax India Limited,MEDIA & ENTERTAINMENT
CIPLA,Cipla Limited,PHARMACEUTICALS
CLNINDIA,Clariant Chemicals (India) Limited,DYES & PIGMENTS
CMAHENDRA,C. Mahendra Exports Limited,DIAMOND CUTTING/PRECIOUS METALS/JEWELLERY
CMC,CMC Limited,COMPUTERS - HARDWARE
COALINDIA,Coal India Limited,MINING/MINERALS
COLPAL,Colgate Palmolive (India) Limited,PERSONAL CARE
COMPUAGE,Compuage Infocom Limited,COMPUTERS - HARDWARE
COMPUSOFT,Compucom Software Limited,COMPUTERS - SOFTWARE MEDIUM/SMALL
CONCOR,Container Corporation of India Limited,TRANSPORT & LOGISTICS
CONSOFINVT,Consolidated Finvest & Holdings Limited,FINANCE - GENERAL
CORDSCABLE,Cords Cable Industries Limited,CABLES - POWER/OTHERS
COREEDUTEC,CORE Education & Technologies Limited,COMPUTERS - SOFTWARE - TRAINING
COROMANDEL,Coromandel International Limited,MISCELLANEOUS
CORPBANK,Corporation Bank,BANKS - PUBLIC SECTOR
COSMOFILMS,Cosmo Films Limited,PLASTICS
COX&KINGS,Cox & Kings Limited,MISCELLANEOUS
CRESTANI,Crest Animation Studios Limited,MEDIA & ENTERTAINMENT
CRISIL,CRISIL Limited,MISCELLANEOUS
CROMPGREAV,Crompton  Greaves Limited,ELECTRIC EQUIPMENT
CTE,Cambridge Technology Enterprises Limited,COMPUTERS - SOFTWARE MEDIUM/SMALL
CUB,City Union Bank Limited,METALS - NON FERROUS
CUMMINSIND,Cummins India Limited,ENGINES
CYBERTECH,Cybertech Systems And Software Limited,COMPUTERS - SOFTWARE MEDIUM/SMALL
DAAWAT,LT Foods Limited,FOOD PROCESSING
DABUR,Dabur India Limited,PERSONAL CARE
DALMIABHA,Dalmia Bharat Limited,CEMENT - MAJOR
DALMIASUG,Dalmia Bharat Sugar and Industries Limited,SUGAR
DATAMATICS,Datamatics Global Services Limited,COMPUTERS - SOFTWARE MEDIUM/SMALL
DBCORP,D.B.Corp Limited,MEDIA & ENTERTAINMENT
DBREALTY,D B Realty Limited,CONSTRUCTION & CONTRACTING - REAL ESTATE
DBSTOCKBRO,DB (International) Stock Brokers Limited,FINANCE - GENERAL
DCB,Development Credit Bank Limited,BANKS - PRIVATE SECTOR
DCM,DCM  Limited,FINANCE - LEASING & HIRE PURCHASE
DCMSRMCONS,DCM Shriram Consolidated Limited,DIVERSIFIED
DCW,DCW Limited,PETROCHEMICALS
DECCANCE,Deccan Cements Limited,CEMENT - MINI
DEEPAKFERT,Deepak Fertilizers and Petrochemicals Corporation Limited,FERTILISERS
DEEPAKNTR,Deepak Nitrite Limited,CHEMICALS
DEEPIND,Deep Industries Limited,OIL DRILLING AND EXPLORATION
DELTACORP,Delta Corp Limited,FINANCE - GENERAL
DEN,Den Networks Limited,PAPER
DENABANK,Dena Bank,BANKS - PUBLIC SECTOR
DHAMPURSUG,Dhampur Sugar Mills Limited,SUGAR
DHANBANK,Dhanlaxmi Bank Limited,BANKS - PRIVATE SECTOR
DHANUKA,Dhanuka Agritech Limited,PESTICIDES/AGRO CHEMICALS
DHARSUGAR,Dharani Sugars & Chemicals Limited,SUGAR
DHFL,Dewan Housing Finance Corporation Limited,FINANCE - HOUSING
DIAPOWER,Diamond Power Infra Ltd,CABLES - POWER/OTHERS
DICIND,DIC India Limited,PRINTING & STATIONERY
DIGJAM,Digjam Limited,TEXTILES - WOOLLEN/WORSTED
DISHMAN,Dishman Pharmaceuticals and Chemicals Limited,PHARMACEUTICALS
DISHTV,Dish TV India Limited,MEDIA & ENTERTAINMENT
DIVISLAB,Divi's Laboratories Limited,PHARMACEUTICALS
DLF,DLF Limited,CONSTRUCTION & CONTRACTING - REAL ESTATE
DLINKINDIA,D-Link (India) Limited,MISCELLANEOUS
DOLPHINOFF,Dolphin Offshore Enterprises (India) Limited,OIL DRILLING AND EXPLORATION
DPSCLTD,DPSC Limited,POWER - GENERATION/DISTRIBUTION
DPTL,Dhunseri Petrochem & Tea Limited,PLANTATIONS - TEA & COFFEE
DQE,DQ Entertainment (International) Limited,MEDIA & ENTERTAINMENT
DREDGECORP,Dredging Corporation of India Limited,MISCELLANEOUS
DRREDDY,Dr. Reddy's Laboratories Limited,PHARMACEUTICALS
DSKULKARNI,DS Kulkarni Developers Limited,CONSTRUCTION & CONTRACTING - HOUSING
DUNCANSLTD,Duncans Industries Limited,PLANTATIONS - TEA & COFFEE
DWARKESH,Dwarikesh Sugar Industries Limited,FINANCE - INVESTMENTS
EASTSILK,Eastern Silk Industries Limited,TEXTILES - SYNTHETIC/SILK
EASUNREYRL,Easun Reyrolle Limited,ELECTRIC EQUIPMENT
ECEIND,ECE Industries Limited,ELECTRICALS
ECLERX,eClerx Services Limited,COMPUTERS - SOFTWARE MEDIUM/SMALL
EDELWEISS,Edelweiss Financial Services Limited,FINANCE - GENERAL
EDL,Empee Distilleries Limited,BREWERIES & DISTILLERIES
EDSERV,Edserv Softsystems Limited,COMPUTERS - SOFTWARE - TRAINING
EDUCOMP,Educomp Solutions Limited,COMPUTERS - SOFTWARE - TRAINING
EICHERMOT,Eicher Motors Limited,AUTO - LCVS/HCVS
EIDPARRY,EID Parry India Limited,SUGAR
EIHAHOTELS,EIH Associated Hotels Limited,HOTELS
EIHOTEL,EIH Limited,HOTELS
EIMCOELECO,Eimco Elecon (India) Limited,ENGINEERING - HEAVY
ELDERPHARM,Elder Pharmaceuticals Limited,PHARMACEUTICALS
ELECON,Elecon Engineering Company Limited,ENGINEERING - HEAVY
ELECTCAST,Electrosteel Castings Limited,CASTINGS & FORGINGS
ELECTHERM,Electrotherm (India) Limited,ENGINEERING
ELGIEQUIP,Elgi Equipments Limited,COMPRESSORS
ELGIRUBCO,Elgi Rubber Company Limited,TYRES
ELNET,Elnet Technologies Limited,CONSUMER GOODS - ELECTRONIC
EMAMIINFRA,Emami Infrastructure Limited,CONSTRUCTION & CONTRACTING - REAL ESTATE
EMAMILTD,Emami Limited,PERSONAL CARE
EMCO,Emco Limited,ELECTRIC EQUIPMENT
EMKAY,Emkay Global Financial Services Limited,MINING/MINERALS
EMMBI,Emmbi Industries Limited,PACKAGING
EMPEESUG,Empee Sugars and Chemicals Limited,SUGAR
ENERGYDEV,Energy Development Company Limited,POWER - GENERATION/DISTRIBUTION
ENGINERSIN,Engineers India Limited,INFRASTRUCTURE - GENERAL
ENIL,Entertainment Network (India) Limited,MEDIA & ENTERTAINMENT
EON,Eon Electric Limited,COMPUTERS - SOFTWARE MEDIUM/SMALL
ERAINFRA,Era Infra Engineering Limited,INFRASTRUCTURE - GENERAL
EROSMEDIA,Eros International Media Limited,MEDIA & ENTERTAINMENT
ESABINDIA,Esab India Limited,ELECTRODES/GRAPHITE
ESCORTS,Escorts Limited,FINANCE - LEASING & HIRE PURCHASE
ESL,Electrosteel Steels Limited,STEEL - MEDIUM / SMALL
ESSAROIL,Essar Oil Limited,REFINERIES
ESSARPORTS,Essar Ports Limited,INFRASTRUCTURE - GENERAL
ESSDEE,Ess Dee Aluminium Limited,PACKAGING
ESSELPACK,Essel Propack Limited,PACKAGING
EUROTEXIND,Eurotex Industries and Exports Limited,TEXTILES - SPINNING - COTTON BLENDED
EVEREADY,Eveready Industries India Limited,DRY CELLS
EVERESTIND,Everest Industries Limited,CEMENT - PRODUCTS/BUILDING MATERIALS
EVERONN,Everonn Education Limited,COMPUTERS - SOFTWARE - TRAINING
EXCELINDUS,Excel Industries Limited,PESTICIDES/AGRO CHEMICALS
EXCELINFO,Excel Infoways Limited,COMPUTERS - SOFTWARE MEDIUM/SMALL
EXIDEIND,Exide Industries Limited,AUTO ANCILLARIES
FACT,Fertilizers and Chemicals Travancore Limited,FINANCE - GENERAL
FAGBEARING,FAG Bearings India Limited,BEARINGS
FCEL,Future Consumer Enterprise Limited,FINANCE - INVESTMENTS
FDC,FDC Limited,PHARMACEUTICALS
FEDDERLOYD,Fedders Lloyd Corporation Limited,CONSUMER GOODS - WHITE GOODS
FEDERALBNK,The Federal Bank  Limited,BANKS - PRIVATE SECTOR
FIEMIND,Fiem Industries Limited,AUTO ANCILLARIES
FINANTECH,Financial Technologies (India) Limited,COMPUTERS - SOFTWARE
FINCABLES,Finolex Cables Limited,CABLES - TELEPHONE
FINPIPE,Finolex Industries Limited,PETROCHEMICALS
FIRSTLEASE,First Leasing Company of India Limited,FINANCE - LEASING & HIRE PURCHASE
FKONCO,Fresenius Kabi Oncology Limited,PHARMACEUTICALS
FLEXITUFF,Flexituff International Limited,PACKAGING
FLFL,Future Lifestyle Fashions Limited,RETAIL
FMGOETZE,Federal-Mogul Goetze (India) Limited.,AUTO ANCILLARIES
FORTIS,Fortis Healthcare Limited,HOSPITALS & MEDICAL SERVICES
FOSECOIND,Foseco India Limited,CHEMICALS
FRL,Future Retail Limited,RETAIL
FRLDVR,Future Retail Limited,RETAIL
FSL,Firstsource Solutions Limited,COMPUTERS - SOFTWARE MEDIUM/SMALL
GABRIEL,Gabriel India Limited,AUTO ANCILLARIES
GAEL,Gujarat Ambuja Exports Limited,EDIBLE OILS & SOLVENT EXTRACTION
GAIL,GAIL (India) Limited,OIL DRILLING AND EXPLORATION
GAL,Gyscoal Alloys Limited,FINANCE - INVESTMENTS
GALLANTT,Gallantt Metal Limited,STEEL - SPONGE IRON
GALLISPAT,Gallantt Ispat Limited,STEEL - SPONGE IRON
GAMMNINFRA,Gammon Infrastructure Projects Limited,CONSTRUCTION & CONTRACTING - CIVIL
GANDHITUBE,Gandhi Special Tubes Limited,STEEL - TUBES/PIPES
GANESHHOUC,Ganesh Housing Corporation Limited,CONSTRUCTION & CONTRACTING - HOUSING
GARWALLROP,Garware  Wall Ropes Limited,TEXTILES - GENERAL
GATI,GATI Limited,COURIERS
GAYAPROJ,Gayatri Projects Limited,CONSTRUCTION & CONTRACTING - CIVIL
GDL,Gateway Distriparks Limited,FINANCE - INVESTMENTS
GEECEE,GeeCee Ventures Limited,CHEMICALS
GEINDSYS,GEI Industrial Systems Limited,ENGINEERING
GENESYS,Genesys International Corporation Limited,COMPUTERS - SOFTWARE MEDIUM/SMALL
GENUSPOWER,Genus Power Infrastructures Limited,ELECTRICALS
GEOJITBNPP,Geojit BNP Paribas Financial Services Limited,FINANCE - GENERAL
GEOMETRIC,Geometric Limited,COMPUTERS - SOFTWARE
GESHIP,The Great Eastern Shipping Company Limited,SHIPPING
GHCL,GHCL Limited,CHEMICALS
GICHSGFIN,GIC Housing Finance Limited,FINANCE - HOUSING
GILLANDERS,Gillanders Arbuthnot & Company Limited,PLANTATIONS - TEA & COFFEE
GILLETTE,Gillette India Limited,PERSONAL CARE
GIPCL,Gujarat Industries Power Company Limited,POWER - GENERATION/DISTRIBUTION
GITANJALI,Gitanjali Gems Limited,DIAMOND CUTTING/PRECIOUS METALS/JEWELLERY
GKWLIMITED,GKW Limited,FASTENERS
GLAXO,GlaxoSmithKline Pharmaceuticals Limited,PHARMACEUTICALS
GLENMARK,Glenmark Pharmaceuticals Limited,PHARMACEUTICALS
GLOBOFFS,Global Offshore Services Limited,SHIPPING
GLOBUSSPR,Globus Spirits Limited,BREWERIES & DISTILLERIES
GLORY,Glory Polyfilms Limited,PACKAGING
GMBREW,GM Breweries Limited,BREWERIES & DISTILLERIES
GMDCLTD,Gujarat Mineral Development Corporation Limited,MINING/MINERALS
GMRINFRA,GMR Infrastructure Limited,INFRASTRUCTURE - GENERAL
GNFC,Gujarat Narmada Valley Fertilizers and Chemicals Limited,FERTILISERS
GOACARBON,Goa Carbon Limited,PETROCHEMICALS
GODFRYPHLP,Godfrey Phillips India Limited,CIGARETTES
GODREJCP,Godrej Consumer Products Limited,PERSONAL CARE
GODREJIND,Godrej Industries Limited,PERSONAL CARE
GODREJPROP,Godrej Properties Limited,CONSTRUCTION & CONTRACTING - REAL ESTATE
GOENKA,Goenka Diamond and Jewels Limited,DIAMOND CUTTING/PRECIOUS METALS/JEWELLERY
GOKUL,Gokul Refoils and Solvent Limited,EDIBLE OILS & SOLVENT EXTRACTION
GOLDBEES,Goldman Sachs Gold Exchange Traded Scheme,BANKS - PRIVATE SECTOR
GOLDIAM,Goldiam International Limited,DIAMOND CUTTING/PRECIOUS METALS/JEWELLERY
GOLDINFRA,Goldstone Infratech Limited,TELECOMMUNICATIONS - SERVICE
GOLDSHARE,UTI Mutual Fund - UTI Gold Exchange Traded Fund,BANKS - PUBLIC SECTOR
GOLDTECH,Goldstone Technologies Limited,COMPUTERS - SOFTWARE MEDIUM/SMALL
GPIL,Godawari Power And Ispat limited,STEEL - SPONGE IRON
GPPL,Gujarat Pipavav Port Limited,SHIPPING
GRANULES,Granules India Limited,PHARMACEUTICALS
GRAPHITE,Graphite India Limited,ELECTRODES/GRAPHITE
GRASIM,Grasim Industries Limited,DIVERSIFIED
GRAVITA,Gravita India Limited,MISCELLANEOUS
GREAVESCOT,Greaves Cotton Limited,ENGINES
GREENPLY,Greenply Industries Limited,MISCELLANEOUS
GREENPOWER,Orient Green Power Company Limited,POWER - GENERATION/DISTRIBUTION
GRINDWELL,Grindwell Norton Limited,ABRASIVES
GRUH,Gruh Finance Limited,FINANCE - HOUSING
GSCLCEMENT,Gujarat Sidhee Cement Limited,CEMENT - MAJOR
GSFC,Gujarat State Fertilizers & Chemicals Limited,FERTILISERS
GSKCONS,GlaxoSmithKline Consumer Healthcare Limited,FOOD PROCESSING
GSPL,Gujarat State Petronet Limited,TEXTILES - PROCESSING
GSS,GSS Infotech Limited,COMPUTERS - SOFTWARE MEDIUM/SMALL
GTL,GTL Limited,TELECOMMUNICATIONS - EQUIPMENT
GTLINFRA,GTL Infrastructure Limited,TELECOMMUNICATIONS - EQUIPMENT
GTNIND,GTN Industries Limited,TEXTILES - SPINNING - COTTON BLENDED
GTNTEX,GTN Textiles Limited,TEXTILES - GENERAL
GTOFFSHORE,GOL Offshore Limited,SHIPPING
GUFICBIO,Gufic Biosciences Limited,PHARMACEUTICALS
GUJALKALI,Gujarat Alkalies and Chemicals Limited,CHEMICALS
GUJAPOLLO,Gujarat Apollo Industries Limited,ENGINEERING - HEAVY
GUJFLUORO,Gujarat Fluorochemicals Limited,CHEMICALS
GUJNRECOKE,Gujarat NRE Coke Limited,MISCELLANEOUS
GUJNREDVR,Gujarat NRE Coke Limited,MISCELLANEOUS
GUJRATGAS,Gujarat Gas Company Limited,OIL DRILLING AND EXPLORATION
GULFOILCOR,Gulf Oil Corporation Limited,CHEMICALS
GVKPIL,GVK Power & Infrastructure Limited,POWER - GENERATION/DISTRIBUTION
HARITASEAT,Harita Seating Systems Limited,AUTO ANCILLARIES
HARRMALAYA,Harrisons  Malayalam Limited,PLANTATIONS - TEA & COFFEE
HATHWAY,Hathway Cable & Datacom Limited,MEDIA & ENTERTAINMENT
HAVELLS,Havells India Limited,ELECTRIC EQUIPMENT
HBLPOWER,HBL Power Systems Limited,ELECTRIC EQUIPMENT
HCC,Hindustan Construction Company Limited,CONSTRUCTION & CONTRACTING - CIVIL
HCIL,Himadri Chemicals and Industries Limited,CHEMICALS
HCL-INSYS,HCL Infosystems Limited,COMPUTERS - HARDWARE
HCLTECH,HCL Technologies Limited,COMPUTERS - SOFTWARE
HDFC,Housing Development Finance Corporation Limited,BANKS - PRIVATE SECTOR
HDFCBANK,HDFC Bank Limited,BANKS - PRIVATE SECTOR
HDFCMFGETF,HDFC Mutual Fund-HDFC Gold Exchange Traded Fund,FINANCE - INVESTMENTS
HDIL,Housing Development and Infrastructure Limited,CONSTRUCTION & CONTRACTING - REAL ESTATE
HEG,HEG Limited,ELECTRODES/GRAPHITE
HEIDELBERG,HeidelbergCement India Limited,CEMENT - MAJOR
HELIOSMATH,Helios And Matheson Information Technology Limited,COMPUTERS - SOFTWARE MEDIUM/SMALL
HERCULES,Hercules Hoists Limited,ENGINEERING
HERITGFOOD,Heritage Foods Limited,FOOD PROCESSING
HEROMOTOCO,Hero MotoCorp Limited,AUTO - 2 & 3 WHEELERS
HEXATRADEX,Hexa Tradex Limited,FINANCE - INVESTMENTS
HEXAWARE,Hexaware Technologies Limited,COMPUTERS - SOFTWARE
HFCL,Himachal Futuristic Communications Limited,TELECOMMUNICATIONS - SERVICE
HGS,Hinduja Global Solutions Limited,COMPUTERS - SOFTWARE
HIKAL,Hikal Limited,PHARMACEUTICALS
HIL,HIL Limited,MISCELLANEOUS
HIMATSEIDE,Himatsingka Seide Limited,TEXTILES - SYNTHETIC/SILK
HINDALCO,Hindalco Industries Limited,ALUMINIUM
HINDCOMPOS,Hindustan Composites Limited,AUTO ANCILLARIES
HINDCOPPER,Hindustan Copper Limited,METALS - NON FERROUS
HINDDORROL,Hindustan Dorr-Oliver Limited,ENGINEERING
HINDMOTORS,Hindustan Motors Limited,AUTO - CARS & JEEPS
HINDPETRO,Hindustan Petroleum Corporation Limited,REFINERIES
HINDUJAVEN,Hinduja Ventures Limited,COMPUTERS - SOFTWARE
HINDUNILVR,Hindustan Unilever Limited,PERSONAL CARE
HINDZINC,Hindustan Zinc Limited,METALS - NON FERROUS
HIRAFERRO,Hira Ferro Alloys Limited,MINING/MINERALS
HIRECT,Hind Rectifiers Limited,ELECTRICALS
HITACHIHOM,Hitachi Home and Life Solutions (India) Limited,CONSUMER GOODS - WHITE GOODS
HITECHGEAR,Hi-Tech Gears Limited,AUTO ANCILLARIES
HITECHPLAS,Hitech Plast Limited,PLASTICS
HMT,HMT Limited,AUTO - TRACTORS
HMVL,Hindustan Media Ventures Limited,MEDIA & ENTERTAINMENT
HNGSNGBEES,Goldman Sachs Hang Seng Exchange Traded Scheme,FINANCE - INVESTMENTS
HOCL,Hindustan Organic Chemicals Limited,CHEMICALS
HONAUT,Honeywell Automation India Limited,TELECOMMUNICATIONS - EQUIPMENT
HONDAPOWER,Honda Siel Power Products Limited,ELECTRIC EQUIPMENT
HORIZONINF,Horizon Infrastructure Limited,AUTO ANCILLARIES
HOTELEELA,Hotel Leela Venture Limited,HOTELS
HOTELRUGBY,Hotel Rugby Limited,HOTELS
HSIL,HSIL Limited,CERAMICS/GRANITE
HTMEDIA,HT Media Limited,MEDIA & ENTERTAINMENT
HUBTOWN,Hubtown Limited,CONSTRUCTION & CONTRACTING - REAL ESTATE
HYDROS&S,Hydro S & S Industries Limited,PLASTICS
IBIPL,Indiabulls Infrastructure and Power Limited,POWER - GENERATION/DISTRIBUTION
IBPOW,Indiabulls Power Limited,POWER - GENERATION/DISTRIBUTION
IBREALEST,Indiabulls Real Estate Limited,CONSTRUCTION & CONTRACTING - REAL ESTATE
IBSEC,Indiabulls Securities Limited,FINANCE - INVESTMENTS
IBULHSGFIN,Indiabulls Housing Finance Limited,FINANCE - HOUSING
ICICIBANK,ICICI Bank Limited,BANKS - PRIVATE SECTOR
ICRA,ICRA Limited,MISCELLANEOUS
IDBI,IDBI Bank Limited,FINANCE - INVESTMENTS
IDBIGOLD,IDBI Mutual Fund - IDBI Gold Exchange Traded Fund,FINANCE - INVESTMENTS
IDEA,Idea Cellular Limited,PERSONAL CARE
IDFC,IDFC Limited,FINANCE - TERM LENDING INSTITUTIONS
IFBAGRO,IFB Agro Industries Limited,CHEMICALS
IFBIND,IFB Industries Limited,CONSUMER GOODS - WHITE GOODS
IFCI,IFCI Limited,FINANCE - TERM LENDING INSTITUTIONS
IFGLREFRAC,IFGL Refractories Limited,CEMENT - PRODUCTS/BUILDING MATERIALS
IGARASHI,Igarashi Motors India Limited,ELECTRIC EQUIPMENT
IGL,Indraprastha Gas Limited,OIL DRILLING AND EXPLORATION
IGPL,IG Petrochemicals Limited,CHEMICALS
IIFLNIFTY,IIFL Mutual Fund - IIFL NIFTY ETF,FINANCE - INVESTMENTS
IL&FSENGG,IL&FS Engineering and Construction Company Limited,FINANCE - INVESTMENTS
IL&FSTRANS,IL&FS Transportation Networks Limited,FINANCE - INVESTMENTS
IMFA,Indian Metals & Ferro Alloys Limited,MINING/MINERALS
IMPAL,India Motor Parts and Accessories Limited,TRADING
IMPEXFERRO,Impex Ferro Tech Limited,MINING/MINERALS
INDHOTEL,The Indian Hotels Company Limited,HOTELS
INDIACEM,The India Cements Limited,CEMENT - MAJOR
INDIAGLYCO,India Glycols Limited,CHEMICALS
INDIAINFO,India Infoline Limited,FINANCE - GENERAL
INDIANB,Indian Bank,BANKS - PUBLIC SECTOR
INDIANCARD,Indian Card Clothing Company Limited,TEXTILES - MACHINERY
INDIANHUME,Indian Hume Pipe Company Limited,CEMENT - PRODUCTS/BUILDING MATERIALS
INDNIPPON,India Nippon Electricals Limited,AUTO ANCILLARIES
INDOCO,Indoco Remedies Limited,PHARMACEUTICALS
INDORAMA,Indo Rama Synthetics (India) Limited,TEXTILES - SPINNING - SYNTHETIC BLENDED
INDOTECH,Indo Tech Transformers Limited,POWER - TRANSMISSION/EQUIPMENT
INDOTHAI,Indo Thai Securities Limited,FINANCE - GENERAL
INDOWIND,Indowind Energy Limited,POWER - GENERATION/DISTRIBUTION
INDRAMEDCO,Indraprastha Medical Corporation Limited,HOSPITALS & MEDICAL SERVICES
INDUSFILA,Indus Fila Limited,TEXTILES - PROCESSING
INDUSINDBK,IndusInd Bank Limited,BANKS - PRIVATE SECTOR
INFINITE,Infinite Computer Solutions (India) Limited,COMPUTERS - SOFTWARE
INFOTECENT,Infotech Enterprises Limited,COMPUTERS - SOFTWARE
INFRABEES,Goldman Sachs Infrastructure Exchange Traded Scheme,FINANCE - INVESTMENTS
INFRATEL,Bharti Infratel Limited,TELECOMMUNICATIONS - EQUIPMENT
INFY,Infosys Limited,COMPUTERS - SOFTWARE
INGERRAND,Ingersoll Rand (India) Limited,COMPRESSORS
INGVYSYABK,ING Vysya Bank Limited,BANKS - PRIVATE SECTOR
INNOIND,Innoventive Industries Limited,STEEL - TUBES/PIPES
INOXLEISUR,INOX Leisure Limited,MEDIA & ENTERTAINMENT
INSECTICID,Insecticides (India) Limited,PESTICIDES/AGRO CHEMICALS
INTEGRA,Integra Garments and Textiles Limited,ELECTRIC EQUIPMENT
IOB,Indian Overseas Bank,BANKS - PUBLIC SECTOR
IOC,Indian Oil Corporation Limited,REFINERIES
IPCALAB,IPCA Laboratories Limited,PHARMACEUTICALS
IPGETF,ICICI Prudential Mutual Fund - ICICI Prudential Gold ETF,FINANCE - INVESTMENTS
IRB,IRB Infrastructure Developers Limited,INFRASTRUCTURE - GENERAL
ISFT,Intrasoft Technologies Limited,MISCELLANEOUS
ISMTLTD,ISMT Limited,STEEL - ROLLING
ITC,ITC Limited,HOTELS
ITDCEM,ITD Cementation India Limited,CONSTRUCTION & CONTRACTING - CIVIL
ITI,ITI Limited,TELECOMMUNICATIONS - EQUIPMENT
IVC,IL&FS Investment Managers Limited,FINANCE - INVESTMENTS
IVRCLINFRA,IVRCL Limited,CONSTRUCTION & CONTRACTING - CIVIL
J&KBANK,The Jammu & Kashmir Bank Limited,MISCELLANEOUS
JAGRAN,Jagran Prakashan Limited,MEDIA & ENTERTAINMENT
JAGSNPHARM,Jagsonpal Pharmaceuticals Limited,PHARMACEUTICALS
JAIBALAJI,Jai Balaji Industries Limited,STEEL - SPONGE IRON
JAICORPLTD,Jai Corp Limited,STEEL - GP/GC SHEETS
JAMNAAUTO,Jamna Auto Industries Limited,AUTO ANCILLARIES
JAYAGROGN,Jayant Agro Organics Limited,CHEMICALS
JAYBARMARU,Jay Bharat Maruti Limited,AUTO ANCILLARIES
JAYNECOIND,Jayaswal Neco Industries Limited,CASTINGS & FORGINGS
JAYSREETEA,Jayshree Tea & Industries Limited,PLANTATIONS - TEA & COFFEE
JBCHEPHARM,JB Chemicals & Pharmaceuticals Limited,PHARMACEUTICALS
JBFIND,JBF Industries Limited,TEXTILES - MANMADE
JENSONICOL,Jenson & Nicholson (India) Limited,PAINTS/VARNISHES
JETAIRWAYS,Jet Airways (India) Limited,TRANSPORT & LOGISTICS
JHS,JHS Svendgaard Laboratories Limited,PERSONAL CARE
JINDALPHOT,Jindal Photo Limited,CONSUMER GOODS - ELECTRONIC
JINDALPOLY,Jindal Poly Films Limited,PACKAGING
JINDALSAW,Jindal Saw Limited,STEEL - TUBES/PIPES
JINDALSTEL,Jindal Steel & Power Limited,STEEL - SPONGE IRON
JINDCOT,Jindal Cotex Limited,TEXTILES - SPINNING - COTTON BLENDED
JINDRILL,Jindal Drilling And Industries Limited,OIL DRILLING AND EXPLORATION
JINDWORLD,Jindal Worldwide Limited,TRADING
JISLDVREQS,Jain Irrigation Systems Limited,PLASTICS
JISLJALEQS,Jain Irrigation Systems Limited,PLASTICS
JKCEMENT,JK Cement Limited,CEMENT - MAJOR
JKIL,J.Kumar Infraprojects Limited,CONSTRUCTION & CONTRACTING - CIVIL
JKLAKSHMI,JK Lakshmi Cement Limited,CEMENT - MAJOR
JKPAPER,JK Paper Limited,PAPER
JKTYRE,JK Tyre & Industries Limited,TYRES
JMCPROJECT,JMC Projects (India)  Limited,CONSTRUCTION & CONTRACTING - CIVIL
JMFINANCIL,JM Financial Limited,FINANCE - INVESTMENTS
JMTAUTOLTD,JMT Auto Limited,AUTO ANCILLARIES
JOCIL,Jocil Limited,MISCELLANEOUS
JPASSOCIAT,Jaiprakash Associates Limited,INFRASTRUCTURE - GENERAL
JPINFRATEC,Jaypee Infratech Limited,INFRASTRUCTURE - GENERAL
JPPOWER,Jaiprakash Power Ventures Limited,POWER - GENERATION/DISTRIBUTION
JSL,Jindal Stainless Limited,ELECTRIC EQUIPMENT
JSWENERGY,JSW Energy Limited,POWER - GENERATION/DISTRIBUTION
JSWHL,JSW Holdings Limited,FINANCE - INVESTMENTS
JSWSTEEL,JSW Steel Limited,STEEL - LARGE
JUBILANT,Jubilant Life Sciences Limited,MISCELLANEOUS
JUBLFOOD,Jubilant Foodworks Limited,MISCELLANEOUS
JUBLINDS,Jubilant Industries Limited,MISCELLANEOUS
JUNIORBEES,Goldman Sachs Nifty Junior Exchange Traded Scheme,FINANCE - INVESTMENTS
JUSTDIAL,Just Dial Limited,MISCELLANEOUS
JVLAGRO,JVL Agro Industries Limited,VANASPATI/OILS
JYOTHYLAB,Jyothy Laboratories Limited,PERSONAL CARE
JYOTISTRUC,Jyoti Structures Limited,POWER - TRANSMISSION/EQUIPMENT
KABRAEXTRU,Kabra Extrusion Technik Limited,ENGINEERING - HEAVY
KAJARIACER,Kajaria Ceramics Limited,CERAMICS/GRANITE
KAKATCEM,Kakatiya Cement Sugar & Industries Limited,CEMENT - MINI
KALINDEE,Kalindee Rail Nirman (Engineers) Limited,ENGINEERING
KALPATPOWR,Kalpataru Power Transmission Limited,POWER - TRANSMISSION/EQUIPMENT
KAMATHOTEL,Kamat Hotels (I) Limited,HOTELS
KANANIIND,Kanani Industries Limited,FINANCE - INVESTMENTS
KANORICHEM,Kanoria Chemicals & Industries Limited,CHEMICALS
KANSAINER,Kansai Nerolac Paints Limited,PAINTS/VARNISHES
KARMAENG,Karma Energy Limited,MISCELLANEOUS
KARURVYSYA,Karur Vysya Bank Limited,BANKS - PRIVATE SECTOR
KAUSHALYA,Kaushalya Infrastructure Development Corporation Limited,CONSTRUCTION & CONTRACTING - CIVIL
KAVVERITEL,Kavveri Telecom Products Limited,TELECOMMUNICATIONS - EQUIPMENT
KBIL,Kirloskar Brothers Investments Limited,FINANCE - GENERAL
KCP,KCP Limited,SUGAR
KCPSUGIND,KCP Sugar and Industries Corporation Limited,SUGAR
KEC,KEC International Limited,POWER - TRANSMISSION/EQUIPMENT
KECL,Kirloskar Electric Company Limited,ELECTRIC EQUIPMENT
KEI,KEI Industries Limited,CABLES - POWER/OTHERS
KEMROCK,Kemrock Industries and Exports Limited,PLASTICS
KERNEX,Kernex Microsystems (India) Limited,COMPUTERS - SOFTWARE MEDIUM/SMALL
KESARENT,Kesar Enterprises Limited,SUGAR
KESORAMIND,Kesoram Industries Limited,DIVERSIFIED
KFA,Kingfisher Airlines Limited,COMPUTERS - SOFTWARE MEDIUM/SMALL
KICL,Kalyani Investment Company Limited,FINANCE - INVESTMENTS
KIL,Kamdhenu Ispat Limited,ENGINEERING - HEAVY
KILITCH,Kilitch Drugs (India) Limited,PHARMACEUTICALS
KIRLOSBROS,Kirloskar Brothers Limited,PUMPS
KIRLOSENG,Kirloskar Oil Engines Limited,ENGINES
KIRLOSIND,Kirloskar Industries Limited,ENGINES
KITEX,Kitex Garments Limited,TEXTILES - READYMADE APPARELS
KKCL,Kewal Kiran Clothing Limited,RETAIL
KMSUGAR,K.M.Sugar Mills Limited,SUGAR
KNRCON,KNR Constructions Limited,CONSTRUCTION & CONTRACTING - CIVIL
KOHINOOR,Kohinoor Foods Limited,FOOD PROCESSING
KOKUYOCMLN,Kokuyo Camlin Limited,DIVERSIFIED
KOLTEPATIL,Kolte - Patil Developers Limited,CONSTRUCTION & CONTRACTING - REAL ESTATE
KOPRAN,Kopran Limited,PHARMACEUTICALS
KOTAKBANK,Kotak Mahindra Bank Limited,BANKS - PRIVATE SECTOR
KOTAKGOLD,Kotak Mutual Fund - Gold Exchange Traded Fund,FINANCE - INVESTMENTS
KOTAKNIFTY,Kotak Mahindra Mutual Fund-Kotak Nifty ETF,FINANCE - INVESTMENTS
KOTAKPSUBK,Kotak Mahindra Mutual Fund,FINANCE - INVESTMENTS
KOTARISUG,Kothari Sugars And Chemicals Limited,SUGAR
KOTHARIPET,Kothari Petrochemicals Limited,TRADING
KOTHARIPRO,Kothari Products Limited,CIGARETTES
KPIT,KPIT Technologies Limited,COMPUTERS - SOFTWARE MEDIUM/SMALL
KPRMILL,K.P.R. Mill Limited,TEXTILES - READYMADE APPARELS
KRBL,KRBL Limited,FOOD PROCESSING
KRITIIND,Kriti Industries (India) Limited,PLASTICS
KSBPUMPS,KSB Pumps Limited,PUMPS
KSCL,Kaveri Seed Company Limited,MISCELLANEOUS
KSE,KSE Limited,EDIBLE OILS & SOLVENT EXTRACTION
KSERASERA,KSS Limited,MEDIA & ENTERTAINMENT
KSK,KSK Energy Ventures Limited,POWER - GENERATION/DISTRIBUTION
KSL,Kalyani Steels Limited,TEXTILES - HOSIERY/KNITWEAR
KTKBANK,The Karnataka Bank Limited,BANKS - PRIVATE SECTOR
KWALITY,kwality limited,FOOD PROCESSING
L&TFH,L&T Finance Holdings Limited,PHARMACEUTICALS
LAKSHMIEFL,Lakshmi Energy and Foods Limited,FOOD PROCESSING
LAKSHMIMIL,The Lakshmi Mills Company Limited,TEXTILES - COMPOSITE MILLS
LAKSHVILAS,Lakshmi Vilas Bank Limited,BANKS - PRIVATE SECTOR
LANCOIN,Lanco Industries Limited,STEEL - PIG IRON
LAOPALA,La Opala RG Limited,GLASS & GLASS PRODUCTS
LAXMIMACH,Lakshmi Machine Works Limited,TEXTILES - MACHINERY
LGBBROSLTD,LG Balakrishnan & Bros Limited,ENGINEERING
LGBFORGE,LGB Forge Limited,CASTINGS & FORGINGS
LIBERTSHOE,Liberty Shoes Limited,LEATHER PRODUCTS
LICHSGFIN,LIC Housing Finance Limited,FINANCE - HOUSING
LINDEINDIA,Linde India Limited,CHEMICALS
LIQUIDBEES,Goldman Sachs Liquid Exchange Traded Scheme,FINANCE - INVESTMENTS
LITL,Lanco Infratech Limited,INFRASTRUCTURE - GENERAL
LLOYDELENG,Lloyd Electric & Engineering Limited,CONSUMER GOODS - WHITE GOODS
LML,LML Limited,AUTO - 2 & 3 WHEELERS
LOKESHMACH,Lokesh Machines Limited,MACHINE TOOLS
LOVABLE,Lovable Lingerie Limited,TEXTILES - READYMADE APPARELS
LT,Larsen & Toubro Limited,FOOD PROCESSING
LUMAXAUTO,Lumax Automotive Systems Limited,AUTO ANCILLARIES
LUMAXIND,Lumax Industries Limited,AUTO ANCILLARIES
LUMAXTECH,Lumax Auto Technologies Limited,AUTO ANCILLARIES
LUPIN,Lupin Limited,PHARMACEUTICALS
LYKALABS,Lyka Labs Limited,PHARMACEUTICALS
LYPSAGEMS,Lypsa Gems & Jewellery Limited,DIAMOND CUTTING/PRECIOUS METALS/JEWELLERY
M&M,Mahindra & Mahindra Limited,MISCELLANEOUS
M&MFIN,Mahindra & Mahindra Financial Services Limited,MISCELLANEOUS
M100,Motilal Oswal Mutual Fund - Motilal Oswal MOSt Shares M100 ETF GO,FINANCE - INVESTMENTS
M50,Motilal Oswal Mutual Fund - Motilal Oswal MOSt Shares M50 ETF,FINANCE - INVESTMENTS
MAANALU,Maan Aluminium Limited,ALUMINIUM
MADHAV,Madhav Marbles and Granites Limited,CERAMICS/GRANITE
MADHUCON,Madhucon Projects Limited,CONSTRUCTION & CONTRACTING - CIVIL
MADRASFERT,Madras Fertilizers Limited,FERTILISERS
MAGMA,Magma Fincorp Limited,FINANCE - LEASING & HIRE PURCHASE
MAGNUM,Magnum Ventures Limited,PAPER
MAHABANK,Bank of Maharashtra,BANKS - PUBLIC SECTOR
MAHINDFORG,Mahindra Forgings Limited,CASTINGS & FORGINGS
MAHINDUGIN,Mahindra Ugine Steel Company Limited,STEEL - MEDIUM / SMALL
MAHLIFE,Mahindra Lifespace Developers Limited,CONSTRUCTION & CONTRACTING - CIVIL
MAHSCOOTER,Maharashtra Scooters Limited,AUTO - 2 & 3 WHEELERS
MAHSEAMLES,Maharashtra Seamless Limited,STEEL - TUBES/PIPES
MANAKSIA,Manaksia Limited,STEEL - ROLLING
MANALIPETC,Manali Petrochemicals Limited,PETROCHEMICALS
MANAPPURAM,Manappuram Finance Limited,FINANCE - LEASING & HIRE PURCHASE
MANDHANA,Mandhana Industries Limited,TEXTILES - GENERAL
MANGCHEFER,Mangalore Chemicals & Fertilizers Limited,FERTILISERS
MANGLMCEM,Mangalam Cement Limited,CEMENT - MAJOR
MANINDS,Man Industries (India) Limited,STEEL - TUBES/PIPES
MANINFRA,Man Infraconstruction Limited,CONSTRUCTION & CONTRACTING - CIVIL
MANJEERA,Manjeera Constructions Limited,CONSTRUCTION & CONTRACTING - REAL ESTATE
MANJUSHREE,Manjushree Technopack Limited,PACKAGING
MARALOVER,Maral Overseas Limited,TEXTILES - SPINNING - COTTON BLENDED
MARICO,Marico Limited,PERSONAL CARE
MARKSANS,Marksans Pharma Limited,PHARMACEUTICALS
MARUTI,Maruti Suzuki India Limited,AUTO - CARS & JEEPS
MASTEK,Mastek Limited,COMPUTERS - SOFTWARE
MAWANASUG,Mawana Sugars Limited,SUGAR
MAX,Max India Limited,PACKAGING
MAXWELL,Maxwell Industries Limited,TEXTILES - READYMADE APPARELS
MAYURUNIQ,Mayur Uniquoters Ltd,PLASTICS
MBECL,Mcnally Bharat Engineering Company Limited,ENGINEERING
MBLINFRA,MBL Infrastructures Limited,CONSTRUCTION & CONTRACTING - CIVIL
MCDHOLDING,McDowell Holdings Limited,FINANCE - INVESTMENTS
MCDOWELL-N,United Spirits Limited,BREWERIES & DISTILLERIES
MCLEODRUSS,Mcleod Russel India Limited,PLANTATIONS - TEA & COFFEE
MCX,Multi Commodity Exchange of India Limited,MISCELLANEOUS
MEGH,Meghmani Organics Limited,PESTICIDES/AGRO CHEMICALS
MERCK,Merck Limited,PHARMACEUTICALS
METKORE,Metkore Alloys & Industries Limited,STEEL - MEDIUM / SMALL
MGOLD,Motilal Oswal Mutual Fund - Motilal Oswal MOSt Shares Gold ETF,FINANCE - INVESTMENTS
MHRIL,Mahindra Holidays & Resorts India Limited,HOTELS
MICROSEC,Microsec Financial Services Limited,FINANCE - GENERAL
MINDACORP,Minda Corporation Limited,AUTO ANCILLARIES
MINDAIND,Minda Industries Limited,AUTO ANCILLARIES
MINDTREE,MindTree Limited,COMPUTERS - SOFTWARE
MIRZAINT,Mirza International Limited,LEATHER PRODUCTS
MMFL,MM Forgings Limited,CASTINGS & FORGINGS
MMTC,MMTC Limited,TRADING
MOHITIND,Mohit Industries Limited,TEXTILES - PROCESSING
MOIL,MOIL Limited,MINING/MINERALS
MONNETISPA,Monnet Ispat and Energy Limited,STEEL - SPONGE IRON
MONSANTO,Monsanto India Limited,PESTICIDES/AGRO CHEMICALS
MORARJEE,Morarjee Textiles Limited,TEXTILES - SPINNING - COTTON BLENDED
MOSERBAER,Moser-Baer (I) Limited,COMPUTERS - HARDWARE
MOTHERSUMI,Motherson Sumi Systems Limited,AUTO ANCILLARIES
MOTILALOFS,Motilal Oswal Financial Services Limited,FINANCE - GENERAL
MOTOGENFIN,The Motor & General Finance Limited,FINANCE - LEASING & HIRE PURCHASE
MPHASIS,MphasiS Limited,COMPUTERS - SOFTWARE
MPSLTD,MPS Limited,PRINTING & STATIONERY
MRF,MRF Limited,TYRES
MRO-TEK,MRO-TEK Limited,COMPUTERS - HARDWARE
MRPL,Mangalore Refinery and Petrochemicals Limited,REFINERIES
MSPL,MSP Steel & Power Limited,STEEL - SPONGE IRON
MTEDUCARE,MT Educare Limited,COMPUTERS - SOFTWARE - TRAINING
MTNL,Mahanagar Telephone Nigam Limited,TELECOMMUNICATIONS - SERVICE
MUKANDENGG,Mukand Engineers Limited,CONSTRUCTION & CONTRACTING - CIVIL
MUNJALAU,Munjal Auto Industries Limited,AUTO ANCILLARIES
MUNJALSHOW,Munjal Showa Limited,AUTO ANCILLARIES
MURUDCERA,Murudeshwar Ceramics Limited,CERAMICS/GRANITE
MUTHOOTFIN,Muthoot Finance Limited,FINANCE - INVESTMENTS
MYSOREBANK,State Bank of Mysore,BANKS - PUBLIC SECTOR
N100,Motilal Oswal Mutual Fund-Motilal Oswal MOSt Shares NASDAQ 100 ETF -GO,FINANCE - INVESTMENTS
NAGAROIL,Nagarjuna Oil Refinery Limited,REFINERIES
NAGREEKCAP,Nagreeka Capital & Infrastructure Limited,FINANCE - INVESTMENTS
NAGREEKEXP,Nagreeka Exports Limited,TEXTILES - SPINNING - COTTON BLENDED
NAHARCAP,Nahar Capital and Financial Services Limited,FINANCE - INVESTMENTS
NAHARINDUS,Nahar Industrial Enterprises Limited,TEXTILES - COMPOSITE MILLS
NAHARSPING,Nahar Spinning Mills Limited,TEXTILES - HOSIERY/KNITWEAR
NAKODA,Nakoda Limited,TEXTILES - PROCESSING
NANDANEXIM,some problem with the quote NANDANEXIM,TEXTILES - DENIM
NATCOPHARM,Natco Pharma Limited,PHARMACEUTICALS
NATHSEED,Nath Seeds  Limited,MISCELLANEOUS
NATIONALUM,National Aluminium Company Limited,ALUMINIUM
NATNLSTEEL,National Steel And Agro Industries Limited,STEEL - GP/GC SHEETS
NAUKRI,Info Edge (India) Limited,MISCELLANEOUS
NAVINFLUOR,Navin Fluorine International Limited,CHEMICALS
NAVNETEDUL,Navneet Education Limited,PRINTING & STATIONERY
NBCC,National Buildings Construction Corporation Limited,INFRASTRUCTURE - GENERAL
NBVENTURES,Nava Bharat Ventures Limited,DIVERSIFIED
NCC,NCC Limited,FINANCE - GENERAL
NCLIND,NCL Industries Limited,CEMENT - MINI
NCOPPER,Nissan Copper Limited,METALS - NON FERROUS
NDTV,New Delhi Television Limited,MEDIA & ENTERTAINMENT
NECLIFE,Nectar Lifesciences Limited,PHARMACEUTICALS
NELCAST,Nelcast Limited,CASTINGS & FORGINGS
NELCO,NELCO Limited,TELECOMMUNICATIONS - EQUIPMENT
NEOCORP,Neo Corp International Limited,PACKAGING
NEPCMICON,NEPC India Limited,ENGINEERING
NESCO,Nesco Limited,DIVERSIFIED
NESTLEIND,Nestle India Limited,FOOD PROCESSING
NET4,Net 4 India Limited,COMPUTERS - SOFTWARE MEDIUM/SMALL
NETWORK18,Network18 Media & Investments Limited,FINANCE - GENERAL
NEULANDLAB,Neuland Laboratories Limited,PHARMACEUTICALS
NEXTMEDIA,Next Mediaworks Limited,MEDIA & ENTERTAINMENT
NEYVELILIG,Neyveli Lignite Corporation Limited,POWER - GENERATION/DISTRIBUTION
NFL,National Fertilizers Limited,FERTILISERS
NHPC,NHPC Limited,POWER - GENERATION/DISTRIBUTION
NIBL,NRB Industrial Bearings Limited,BEARINGS
NICCO,Nicco Corporation Limited,CABLES - POWER/OTHERS
NIFETF,ICICI PMF - Nifty ETF - GROWTH,MISCELLANEOUS
NIFTYBEES,Goldman Sachs Nifty Exchange Traded Scheme,FINANCE - INVESTMENTS
NIITLTD,NIIT Limited,COMPUTERS - SOFTWARE - TRAINING
NIITTECH,NIIT Technologies Limited,COMPUTERS - SOFTWARE
NILKAMAL,Nilkamal Limited,PLASTICS
NIPPOBATRY,Indo-National Limited,DRY CELLS
NITINFIRE,Nitin Fire Protection Industries Limited,MISCELLANEOUS
NITINSPIN,Nitin Spinners Limited,TEXTILES - SPINNING - COTTON BLENDED
NMDC,NMDC Limited,MINING/MINERALS
NOCIL,NOCIL Limited,PETROCHEMICALS
NOIDATOLL,Noida Toll Bridge Company Limited,CONSTRUCTION & CONTRACTING - CIVIL
NOL,National Oxygen Limited,CHEMICALS
NORBTEAEXP,Norben Tea & Exports Limited,PLANTATIONS - TEA & COFFEE
NOVOPANIND,Novopan Industries Limited,MISCELLANEOUS
NRBBEARING,NRB Bearing Limited,BEARINGS
NSIL,Nalwa Sons Investments Limited,FINANCE - GENERAL
NTPC,NTPC Limited,POWER - GENERATION/DISTRIBUTION
NUCLEUS,Nucleus Software Exports Limited,COMPUTERS - SOFTWARE MEDIUM/SMALL
NUTEK,Nu Tek India Limited,TELECOMMUNICATIONS - SERVICE
OBEROIRLTY,Oberoi Realty Limited,CONSTRUCTION & CONTRACTING - REAL ESTATE
OCL,OCL India Limited,CEMENT - MAJOR
OFSS,Oracle Financial Services Software Limited,COMPUTERS - SOFTWARE
OIL,Oil India Limited,OIL DRILLING AND EXPLORATION
OILCOUNTUB,Oil Country Tubular Limited,STEEL - TUBES/PIPES
OISL,OCL Iron and Steel Limited,STEEL - MEDIUM / SMALL
OMAXAUTO,Omax Autos Limited,AUTO ANCILLARIES
OMAXE,Omaxe Limited,CONSTRUCTION & CONTRACTING - REAL ESTATE
OMKARCHEM,Omkar Speciality Chemicals Limited,CHEMICALS
OMMETALS,OM Metals Infraprojects Limited,ENGINEERING
OMNITECH,Omnitech Infosolutions Limited,COMPUTERS - SOFTWARE MEDIUM/SMALL
ONELIFECAP,Onelife Capital Advisors Limited,FINANCE - INVESTMENTS
ONGC,Oil & Natural Gas Corporation Limited,OIL DRILLING AND EXPLORATION
ONMOBILE,OnMobile Global Limited,COMPUTERS - SOFTWARE MEDIUM/SMALL
ONWARDTEC,Onward Technologies Limited,COMPUTERS - SOFTWARE MEDIUM/SMALL
OPTOCIRCUI,Opto Circuits (India) Limited,HOSPITALS & MEDICAL SERVICES
ORBITCORP,Orbit Corporation Limited,CONSTRUCTION & CONTRACTING - REAL ESTATE
ORBTEXP,Orbit Exports Limited,some problem with symbol: ORBTEXP
ORCHIDCHEM,Orchid Chemicals & Pharmaceuticals Limited,PHARMACEUTICALS
ORIENTABRA,Orient Abrasives Limited,ABRASIVES
ORIENTBANK,Oriental Bank of Commerce,BANKS - PUBLIC SECTOR
ORIENTBELL,Orient Bell Limited,CERAMICS/GRANITE
ORIENTCEM,Orient Cement Limited,CEMENT - MAJOR
ORIENTHOT,Oriental Hotels Limited,HOTELS
ORIENTPPR,Orient Paper & Industries Limited,DIVERSIFIED
ORIENTREF,Orient Refractories Limited,CEMENT - PRODUCTS/BUILDING MATERIALS
ORISSAMINE,The Orissa Minerals Development Company Limited,MINING/MINERALS
OUDHSUG,The Oudh Sugar Mills Limited,SUGAR
PAGEIND,Page Industries Limited,TEXTILES - READYMADE APPARELS
PANACEABIO,Panacea Biotec Limited,PHARMACEUTICALS
PANAMAPET,Panama Petrochem Limited,CHEMICALS
PANASONIC,Panasonic Appliances India Company Limited,DRY CELLS
PANCARBON,Panasonic Carbon India Company Limited,ELECTRODES/GRAPHITE
PANORAMUNI,Panoramic Universal Limited,COMPUTERS - SOFTWARE MEDIUM/SMALL
PAPERPROD,The Paper Products Limited,PACKAGING
PARACABLES,Paramount Communications Limited,CABLES - TELEPHONE
PARAL,Parekh Aluminex Limited,PACKAGING
PARRYSUGAR,Parrys Sugar Industries Limited,MINING/MINERALS
PARSVNATH,Parsvnath Developers Limited,CONSTRUCTION & CONTRACTING - REAL ESTATE
PATELENG,Patel Engineering Limited,CONSTRUCTION & CONTRACTING - CIVIL
PATINTLOG,Patel Integrated Logistics Limited,TRANSPORT & LOGISTICS
PATSPINLTD,Patspin India Limited,TEXTILES - SPINNING - COTTON BLENDED
PCJEWELLER,PC Jeweller Limited,DIAMOND CUTTING/PRECIOUS METALS/JEWELLERY
PDPL,Parenteral Drugs (India) Limited,PHARMACEUTICALS
PDUMJEIND,Pudumjee Industries Limited,PAPER
PDUMJEPULP,Pudumjee Pulp & Paper Mills Limited,PAPER
PEL,Piramal Enterprises Limited,PHARMACEUTICALS
PENIND,Pennar Industries Limited,STEEL - CR/HR STRIPS
PENINLAND,Peninsula Land Limited,CONSTRUCTION & CONTRACTING - HOUSING
PERIATEA,The Peria Karamalai Tea & Produce Company Limited,PLANTATIONS - TEA & COFFEE
PERSISTENT,Persistent Systems Limited,COMPUTERS - SOFTWARE
PETRONET,Petronet LNG Limited,OIL DRILLING AND EXPLORATION
PFC,Power Finance Corporation Limited,FINANCE - TERM LENDING INSTITUTIONS
PFIZER,Pfizer Limited,PHARMACEUTICALS
PFOCUS,Prime Focus Limited,MEDIA & ENTERTAINMENT
PFRL,Pantaloons Fashion & Retail Limited,RETAIL
PFS,PTC India Financial Services Limited,FINANCE - TERM LENDING INSTITUTIONS
PGEL,PG Electroplast Limited,CONSUMER GOODS - ELECTRONIC
PGHH,Procter & Gamble Hygiene and Health Care Limited,PERSONAL CARE
PGIL,Pearl Global Industries Limited,TEXTILES - READYMADE APPARELS
PHILIPCARB,Phillips Carbon Black Limited,CHEMICALS
PHOENIXLL,Phoenix Lamps Limited,AUTO ANCILLARIES
PHOENIXLTD,The Phoenix Mills Limited,TEXTILES - SPINNING - COTTON BLENDED
PIDILITIND,Pidilite Industries Limited,CHEMICALS
PIIND,PI Industries Limited,PESTICIDES/AGRO CHEMICALS
PILIND,Peacock Industries Limited,some problem with symbol: PILIND
PIPAVAVDOC,Pipavav Defence and Offshore Engineering Company Limited,SHIPPING
PIRGLASS,Piramal Glass Limited,GLASS & GLASS PRODUCTS
PITTILAM,Pitti Laminations Limited,ENGINEERING
PLETHICO,Plethico Pharmaceuticals Limited,PHARMACEUTICALS
PNB,Punjab National Bank,FINANCE - INVESTMENTS
PNBGILTS,PNB Gilts Limited,FINANCE - INVESTMENTS
POCHIRAJU,Pochiraju Industries Limited,MISCELLANEOUS
POLARIS,Polaris Financial Technology Limited,COMPUTERS - SOFTWARE
POLYMED,Poly Medicure Limited,HOSPITALS & MEDICAL SERVICES
POLYPLEX,Polyplex Corporation Limited,PACKAGING
PONDYOXIDE,Pondy Oxides & Chemicals Limited,CHEMICALS
PONNIERODE,Ponni Sugars (Erode) Limited,SUGAR
POWERGRID,Power Grid Corporation of India Limited,POWER - GENERATION/DISTRIBUTION
PPAP,Precision Pipes And Profiles Company Limited,AUTO ANCILLARIES
PRAENG,Prajay Engineers Syndicate Limited,CONSTRUCTION & CONTRACTING - HOUSING
PRAJIND,Praj Industries Limited,ENGINEERING - HEAVY
PRAKASH,Prakash Industries Limited,DIVERSIFIED
PRAKASHCON,Prakash Constrowell Limited,CONSTRUCTION & CONTRACTING - CIVIL
PRAKASHSTL,Prakash Steelage Limited,STEEL - TUBES/PIPES
PRATIBHA,Pratibha Industries Limited,CONSTRUCTION & CONTRACTING - CIVIL
PRECOT,Precot Meridian Limited,TEXTILES - SPINNING - COTTON BLENDED
PRECWIRE,Precision Wires India Limited,METALS - NON FERROUS
PREMIER,Premier Limited,AQUACULTURE
PRESTIGE,Prestige Estates Projects Limited,CONSTRUCTION & CONTRACTING - REAL ESTATE
PRICOL,Pricol Limited,AUTO ANCILLARIES
PRISMCEM,Prism Cement Limited,CEMENT - MAJOR
PROVOGE,Provogue (India) Limited,RETAIL
PSB,Punjab & Sind Bank,BANKS - PUBLIC SECTOR
PSL,PSL Limited,STEEL - TUBES/PIPES
PSUBNKBEES,Goldman Sachs PSU Bank Exchange Traded Scheme,FINANCE - INVESTMENTS
PTC,PTC India Limited,TRADING
PTL,PTL Enterprises Limited,TYRES
PUNJLLOYD,Punj Lloyd Limited,INFRASTRUCTURE - GENERAL
PURVA,Puravankara Projects Limited,CONSTRUCTION & CONTRACTING - REAL ESTATE
PVP,PVP Ventures Limited,CONSTRUCTION & CONTRACTING - REAL ESTATE
PVR,PVR Limited,MEDIA & ENTERTAINMENT
QGOLDHALF,Quantum Gold Fund -Exchange Traded Fund (ETF),FINANCE - INVESTMENTS
QNIFTY,Quantum Index Fund -Exchange Traded Fund (ETF),FINANCE - INVESTMENTS
RADICO,Radico Khaitan Limited,BREWERIES & DISTILLERIES
RAIN,Rain Industries Limited,MISCELLANEOUS
RAINBOWPAP,Rainbow Papers Limited,PAPER
RAJESHEXPO,Rajesh Exports Limited,DIAMOND CUTTING/PRECIOUS METALS/JEWELLERY
RAJPALAYAM,Rajapalayam Mills Limited,TEXTILES - SPINNING - COTTON BLENDED
RAJRAYON,Raj Rayon Industries Limited,TEXTILES - PROCESSING
RAJSREESUG,Rajshree Sugars & Chemicals Limited,SUGAR
RAJTV,Raj Television Network Limited,MEDIA & ENTERTAINMENT
RALLIS,Rallis India Limited,PESTICIDES/AGRO CHEMICALS
RAMANEWS,Shree Rama Newsprint Limited,PAPER
RAMCOCEM,The Ramco Cements Limited,CEMENT - MAJOR
RAMCOIND,Ramco Industries Limited,CEMENT - PRODUCTS/BUILDING MATERIALS
RAMCOSYS,Ramco Systems Limited,COMPUTERS - SOFTWARE
RAMSARUP,Ramsarup Industries Limited,STEEL - MEDIUM / SMALL
RANASUG,Rana Sugars Limited,SUGAR
RANBAXY,Ranbaxy Laboratories Limited,PHARMACEUTICALS
RANEENGINE,Rane Engine Valve Limited,AUTO ANCILLARIES
RANEHOLDIN,Rane Holdings Limited,AUTO ANCILLARIES
RANKLIN,Ranklin Solutions Limited,COMPUTERS - SOFTWARE MEDIUM/SMALL
RASOYPR,Rasoya Proteins Limited,EDIBLE OILS & SOLVENT EXTRACTION
RATNAMANI,Ratnamani Metals & Tubes Limited,STEEL - MEDIUM / SMALL
RAYMOND,Raymond Limited,TEXTILES - WOOLLEN/WORSTED
RCF,Rashtriya Chemicals and Fertilizers Limited,FERTILISERS
RCOM,Reliance Communications Limited,TELECOMMUNICATIONS - SERVICE
RECLTD,Rural Electrification Corporation Limited,FINANCE - TERM LENDING INSTITUTIONS
REDINGTON,Redington (India) Limited,COMPUTERS - HARDWARE
REGENCERAM,Regency Ceramics Limited,CERAMICS/GRANITE
REIAGROLTD,Rei Agro Limited,FOOD PROCESSING
RELAXO,Relaxo Footwears Limited,LEATHER PRODUCTS
RELBANK,R* Shares Banking ETF,FINANCE - INVESTMENTS
RELCAPITAL,Reliance Capital Limited,FINANCE - INVESTMENTS
RELCNX100,Reliance Mutual Fund - R* Shares CNX 100 Fund,FINANCE - INVESTMENTS
RELGOLD,R* Shares Gold ETF,FINANCE - INVESTMENTS
RELGRNIFTY,Religare Invesco Nifty Exchange Traded Fund,FINANCE - INVESTMENTS
RELIANCE,Reliance Industries Limited,REFINERIES
RELIGARE,Religare Enterprises Limited,FINANCE - INVESTMENTS
RELIGAREGO,Religare Invesco Gold Exchange Traded Fund,FINANCE - INVESTMENTS
RELINFRA,Reliance Infrastructure Limited,POWER - GENERATION/DISTRIBUTION
RELMEDIA,Reliance MediaWorks Limited,MEDIA & ENTERTAINMENT
RENUKA,Shree Renuka Sugars Limited,SUGAR
REPCOHOME,Repco Home Finance Limited,FINANCE - HOUSING
REPRO,Repro India Limited,PRINTING & STATIONERY
RESPONIND,Responsive Industries Limited,FINANCE - INVESTMENTS
REVATHI,Revathi Equipment Limited,COMPRESSORS
RICOAUTO,Rico Auto Industries Limited,AUTO ANCILLARIES
RIIL,Reliance Industrial Infrastructure Limited,INFRASTRUCTURE - GENERAL
RJL,Renaissance Jewellery Limited,DIAMOND CUTTING/PRECIOUS METALS/JEWELLERY
RKDL,Ravi Kumar Distilleries Limited,BREWERIES & DISTILLERIES
RKFORGE,Ramkrishna Forgings Limited,CASTINGS & FORGINGS
RML,Rane (Madras) Limited,AUTO ANCILLARIES
ROHITFERRO,Rohit Ferro-Tech Limited,MINING/MINERALS
ROHLTD,Royal Orchid Hotels Limited,HOTELS
ROLTA,Rolta India Limited,COMPUTERS - SOFTWARE
ROSSELLIND,Rossell India Limited,PLANTATIONS - TEA & COFFEE
RPGLIFE,RPG Life Sciences Limited,PHARMACEUTICALS
RPOWER,Reliance Power Limited,POWER - GENERATION/DISTRIBUTION
RPPINFRA,R.P.P. Infra Projects Limited,CONSTRUCTION & CONTRACTING - CIVIL
RSSOFTWARE,R. S. Software (India) Limited,COMPUTERS - SOFTWARE MEDIUM/SMALL
RSWM,RSWM Limited,TEXTILES - SPINNING - SYNTHETIC BLENDED
RSYSTEMS,R Systems International Limited,COMPUTERS - SOFTWARE MEDIUM/SMALL
RUBYMILLS,The Ruby Mills Limited,TEXTILES - COMPOSITE MILLS
RUCHINFRA,Ruchi Infrastructure Limited,EDIBLE OILS & SOLVENT EXTRACTION
RUCHISOYA,Ruchi Soya Industries Limited,EDIBLE OILS & SOLVENT EXTRACTION
RUPA,Rupa & Company Limited,TEXTILES - HOSIERY/KNITWEAR
RUSHIL,Rushil Decor Limited,MISCELLANEOUS
SABERORGAN,Sabero Organics Gujarat Limited,PESTICIDES/AGRO CHEMICALS
SABTN,Sri Adhikari Brothers Television Network Limited,MEDIA & ENTERTAINMENT
SADBHAV,Sadbhav Engineering Limited,INFRASTRUCTURE - GENERAL
SAHPETRO,Sah Petroleums Limited,OIL DRILLING AND EXPLORATION
SAIL,Steel Authority of India Limited,STEEL - LARGE
SAKHTISUG,Sakthi Sugars Limited,SUGAR
SAKSOFT,Saksoft Limited,COMPUTERS - SOFTWARE
SAKUMA,Sakuma Exports Limited,TRADING
SANDESH,The Sandesh Limited,PRINTING & STATIONERY
SANGAMIND,Sangam (India) Limited,TEXTILES - SPINNING - SYNTHETIC BLENDED
SANGHIIND,Sanghi Industries Limited,CEMENT - PRODUCTS/BUILDING MATERIALS
SANGHVIMOV,Sanghvi Movers Limited,ENGINEERING - HEAVY
SANOFI,Sanofi India Limited,PHARMACEUTICALS
SANWARIA,Sanwaria Agro Oils Limited,EDIBLE OILS & SOLVENT EXTRACTION
SARDAEN,Sarda Energy & Minerals Limited,STEEL - SPONGE IRON
SAREGAMA,Saregama India Limited,MEDIA & ENTERTAINMENT
SASKEN,Sasken Communication Technologies Limited,COMPUTERS - SOFTWARE
SATHAISPAT,Sathavahana Ispat Limited,STEEL - PIG IRON
SAVERA,Savera Industries Limited,HOTELS
SBBJ,State Bank of Bikaner and Jaipur,BANKS - PUBLIC SECTOR
SBIGETS,SBI Mutual Fund - SBI Gold Exchange Traded Scheme - Growth Option,FINANCE - INVESTMENTS
SBIN,State Bank of India,BANKS - PUBLIC SECTOR
SBT,State Bank of Travancore,BANKS - PUBLIC SECTOR
SCHNEIDER,Schneider Electric Infrastructure Limited,POWER - GENERATION/DISTRIBUTION
SCI,Shipping Corporation Of India Limited,SHIPPING
SEAMECLTD,Seamec Limited,SHIPPING
SEINV,S.E. Investments Limited,FINANCE - INVESTMENTS
SELAN,Selan Exploration Technology Limited,OIL DRILLING AND EXPLORATION
SELMCL,SEL Manufacturing Company Limited,TEXTILES - GENERAL
SERVALL,Servalakshmi Paper Limited,PAPER
SESHAPAPER,Seshasayee Paper and Boards Limited,PAPER
SEZAL,Sezal Glass Limited,GLASS & GLASS PRODUCTS
SFCL,Star Ferro and Cement Limited,STEEL - MEDIUM / SMALL
SGJHL,SHREE GANESH JEWELLERY HOUSE (I) LIMITED,DIAMOND CUTTING/PRECIOUS METALS/JEWELLERY
SHAKTIPUMP,Shakti Pumps (India) Limited,PUMPS
SHALPAINTS,Shalimar Paints Limited,PAINTS/VARNISHES
SHANTIGEAR,Shanthi Gears Limited,ENGINEERING
SHARIABEES,Goldman Sachs S&P CNX Nifty Shariah Index Exchange Traded Scheme,FINANCE - INVESTMENTS
SHARONBIO,Sharon Bio-Medicine Limited,PHARMACEUTICALS
SHARRESLTD,Sharyans Resources Limited,FINANCE - HOUSING
SHASUNPHAR,Shasun Pharmaceuticals Limited,PHARMACEUTICALS
SHILPAMED,Shilpa Medicare Limited,PHARMACEUTICALS
SHILPI,Shilpi Cable Technologies Limited,CABLES - TELEPHONE
SHIRPUR-G,Shirpur Gold Refinery Limited,MINING/MINERALS
SHIVAMAUTO,Shivam Autotech Limited,AUTO ANCILLARIES
SHOPERSTOP,Shoppers Stop Limited,RETAIL
SHREECEM,Shree Cements Limited,CEMENT - MAJOR
SHREERAMA,Shree Rama Multi-Tech Limited,PACKAGING
SHRENUJ,Shrenuj & Company Limited,DIAMOND CUTTING/PRECIOUS METALS/JEWELLERY
SHREYAS,Shreyas Shipping & Logistics Limited,SHIPPING
SHRIRAMCIT,Shriram City Union Finance Limited,FINANCE - LEASING & HIRE PURCHASE
SHRIRAMEPC,Shriram EPC Limited,ENGINEERING - HEAVY
SICAGEN,Sicagen India Limited,TRADING
SICAL,Sical Logistics Limited,TRADING
SIEMENS,Siemens Limited,AUTO ANCILLARIES
SIGNETIND,Signet Industries Limited,FINANCE - INVESTMENTS
SIMBHSUGAR,Simbhaoli Sugars Limited,SUGAR
SIMPLEX,Simplex Projects Limited,CASTINGS & FORGINGS
SIMPLEXINF,Simplex Infrastructures Limited,CONSTRUCTION & CONTRACTING - CIVIL
SINTEX,Sintex Industries Limited,DIVERSIFIED
SIRPAPER,The Sirpur Paper Mills Limited,PAPER
SITASHREE,Sita Shree Food Products Limited,FOOD PROCESSING
SITICABLE,Siti Cable Network Limited,MEDIA & ENTERTAINMENT
SIYSIL,Siyaram Silk Mills Limited,TEXTILES - WEAVING
SJVN,SJVN Limited,POWER - GENERATION/DISTRIBUTION
SKFINDIA,SKF India Limited,BEARINGS
SKMEGGPROD,SKM Egg Products Export (India) Limited,FOOD PROCESSING
SKSMICRO,SKS Microfinance Limited,FINANCE - GENERAL
SMARTLINK,Smartlink Network Systems Limited,COMPUTERS - HARDWARE
SMLISUZU,SML Isuzu Limited,AUTO - LCVS/HCVS
SMOBILITY,S Mobility Limited,COMPUTERS - HARDWARE
SMSPHARMA,SMS Pharmaceuticals Limited,PHARMACEUTICALS
SOBHA,Sobha Developers Limited,CONSTRUCTION & CONTRACTING - REAL ESTATE
SOLARINDS,Solar Industries India Limited,CHEMICALS
SOMANYCERA,Somany Ceramics Limited,CERAMICS/GRANITE
SONASTEER,Sona Koyo Steering Systems Limited,AUTO ANCILLARIES
SONATSOFTW,Sonata Software Limited,COMPUTERS - SOFTWARE MEDIUM/SMALL
SOTL,Savita Oil Technologies Limited,PETROCHEMICALS
SOUTHBANK,The South Indian Bank Limited,BANKS - PRIVATE SECTOR
SPARC,Sun Pharma Advanced Research Company Limited,COMPUTERS - HARDWARE
SPECIALITY,Speciality Restaurants Limited,LUBRICANTS
SPENTEX,Spentex Industries Limited,TEXTILES - SPINNING - COTTON BLENDED
SPIC,Southern Petrochemicals Industries Corporation  Limited,TEXTILES - READYMADE APPARELS
SPYL,Shekhawati Poly-Yarn Limited,TEXTILES - MANMADE
SREINFRA,SREI Infrastructure Finance Limited,FINANCE - LEASING & HIRE PURCHASE
SRF,SRF Limited,PETROCHEMICALS
SRHHYPOLTD,Sree Rayalaseema Hi-Strength Hypo Limited,CHEMICALS
SRSLTD,SRS Limited,MEDIA & ENTERTAINMENT
SRTRANSFIN,Shriram Transport Finance Company Limited,FINANCE - LEASING & HIRE PURCHASE
SSLT,Sesa Sterlite Limited,MINING/MINERALS
SSWL,Steel Strips Wheels Limited,AUTO ANCILLARIES
STAR,Strides Arcolab Limited,MEDIA & ENTERTAINMENT
STCINDIA,The State Trading Corporation of India Limited,TRADING
STEL,Stel Holdings Limited,PHARMACEUTICALS
STERLINBIO,Sterling Biotech Limited,PHARMACEUTICALS
STOREONE,Store One Retail India Limited,TEXTILES - READYMADE APPARELS
STRTECH,Sterlite Technologies Limited,CABLES - TELEPHONE
STYABS,Styrolution ABS (India) Limited,PETROCHEMICALS
SUBROS,Subros Limited,AUTO ANCILLARIES
SUDAR,Sudar Industries Limited,CEMENT - MINI
SUDARSCHEM,Sudarshan Chemical Industries Limited,DYES & PIGMENTS
SUJANATWR,Sujana Tower Limited,some problem with symbol: SUJANATWR
SUJANAUNI,Sujana Universal Industries Limited,DOMESTIC APPLIANCES
SUMEETINDS,Sumeet Industries Limited,TEXTILES - MANMADE
SUMMITSEC,Summit Securities Limited,FINANCE - INVESTMENTS
SUNCLAYLTD,Sundaram Clayton Limited,AUTO ANCILLARIES
SUNDARAM,Sundaram Multi Pap Limited,PRINTING & STATIONERY
SUNDARMFIN,Sundaram Finance Limited,FINANCE - LEASING & HIRE PURCHASE
SUNDRMBRAK,Sundaram Brake Linings Limited,AUTO ANCILLARIES
SUNDRMFAST,Sundram Fasteners Limited,FASTENERS
SUNFLAG,Sunflag Iron And Steel Company Limited,STEEL - ROLLING
SUNILHITEC,Sunil Hitech Engineers Limited,POWER - TRANSMISSION/EQUIPMENT
SUNPHARMA,Sun Pharmaceuticals Industries Limited,PHARMACEUTICALS
SUNTECK,Sunteck Realty Limited,CONSTRUCTION & CONTRACTING - REAL ESTATE
SUNTV,Sun TV Network Limited,MEDIA & ENTERTAINMENT
SUPER,Super Sales India Limited,TEXTILES - HOSIERY/KNITWEAR
SUPERSPIN,Super Spinning Mills Limited,TEXTILES - SPINNING - COTTON BLENDED
SUPPETRO,Supreme Petrochem Limited,PETROCHEMICALS
SUPRAJIT,Suprajit Engineering Limited,AUTO ANCILLARIES
SUPREMEIND,Supreme Industries Limited,PLASTICS
SUPREMEINF,Supreme Infrastructure India Limited,CONSTRUCTION & CONTRACTING - CIVIL
SURANAT&P,Surana Telecom and Power Limited,CABLES - TELEPHONE
SURYAJYOTI,Suryajyoti Spinning Mills Limited,TEXTILES - SPINNING - COTTON BLENDED
SURYALAXMI,Suryalakshmi Cotton Mills Limited,TEXTILES - SPINNING - COTTON BLENDED
SURYAROSNI,Surya Roshni Limited,STEEL - TUBES/PIPES
SUVEN,Suven Life Sciences Limited,PHARMACEUTICALS
SUZLON,Suzlon Energy Limited,INFRASTRUCTURE - GENERAL
SWANENERGY,Swan Energy Limited,TRADING
SWARAJENG,Swaraj Engines Limited,ENGINES
SWELECTES,Swelect Energy Systems Limited,ELECTRIC EQUIPMENT
SYMPHONY,Symphony Limited,CONSUMER GOODS - WHITE GOODS
SYNCOM,Syncom Healthcare Limited,PHARMACEUTICALS
SYNDIBANK,Syndicate Bank,BANKS - PUBLIC SECTOR
TAJGVK,Taj GVK Hotels & Resorts Limited,HOTELS
TAKE,Take Solutions Limited,COMPUTERS - SOFTWARE MEDIUM/SMALL
TALBROAUTO,Talbros Automotive Components Limited,AUTO ANCILLARIES
TALWALKARS,Talwalkars Better Value Fitness Limited,MISCELLANEOUS
TANFACIND,Tanfac Industries Limited,CHEMICALS
TANTIACONS,Tantia Constructions Limited,CONSTRUCTION & CONTRACTING - CIVIL
TARAJEWELS,Tara Jewels Limited,DIAMOND CUTTING/PRECIOUS METALS/JEWELLERY
TATACHEM,Tata Chemicals Limited,CHEMICALS
TATACOFFEE,Tata Coffee Limited,PLANTATIONS - TEA & COFFEE
TATACOMM,Tata Communications Limited,TELECOMMUNICATIONS - SERVICE
TATAELXSI,Tata Elxsi Limited,COMPUTERS - SOFTWARE
TATAGLOBAL,Tata Global Beverages Limited,PLANTATIONS - TEA & COFFEE
TATAINVEST,Tata Investment Corporation Limited,FINANCE - INVESTMENTS
TATAMOTORS,Tata Motors Limited,AUTO - LCVS/HCVS
TATAMTRDVR,Tata Motors Limited,AUTO - LCVS/HCVS
TATAPOWER,Tata Power Company Limited,POWER - GENERATION/DISTRIBUTION
TATASPONGE,Tata Sponge Iron Limited,STEEL - SPONGE IRON
TATASTEEL,Tata Steel Limited,STEEL - LARGE
TBZ,Tribhovandas Bhimji Zaveri Limited,DIAMOND CUTTING/PRECIOUS METALS/JEWELLERY
TCI,Transport Corporation of India Limited,FINANCE - INVESTMENTS
TCS,Tata Consultancy Services Limited,COMPUTERS - SOFTWARE
TDPOWERSYS,TD Power Systems Limited,ENGINEERING - HEAVY
TECHM,Tech Mahindra Limited,COMPUTERS - SOFTWARE
TECHNO,Techno Electric & Engineering Company Limited,CASTINGS & FORGINGS
TECHNOFAB,Technofab Engineering Limited,ENGINEERING
TEXINFRA,Texmaco Infrastructure & Holdings Limited,INFRASTRUCTURE - GENERAL
TEXMOPIPES,Texmo Pipes and Products Limited,PLASTICS
TEXRAIL,Texmaco Rail & Engineering Limited,INFRASTRUCTURE - GENERAL
TFCILTD,Tourism Finance Corporation of India Limited,FINANCE - TERM LENDING INSTITUTIONS
TGBHOTELS,TGB BANQUETS AND HOTELS LIMITED,HOTELS
THANGAMAYL,Thangamayil Jewellery Limited,DIAMOND CUTTING/PRECIOUS METALS/JEWELLERY
THEBYKE,The Byke Hospitality Limited,FINANCE - GENERAL
THEMISMED,Themis Medicare Limited,PHARMACEUTICALS
THERMAX,Thermax Limited,INFRASTRUCTURE - GENERAL
THINKSOFT,Thinksoft Global Services Limited,COMPUTERS - SOFTWARE
THIRUSUGAR,Thiru Arooran Sugars Limited,SUGAR
THOMASCOOK,Thomas Cook  (India)  Limited,MISCELLANEOUS
TI,Tilaknagar Industries Limited,STEEL - MEDIUM / SMALL
TIDEWATER,Tide Water Oil Company (India) Limited,LUBRICANTS
TIIL,Technocraft Industries (India) Limited,STEEL - MEDIUM / SMALL
TIJARIA,Tijaria Polypipes Limited,PLASTICS
TIL,TIL Limited,BREWERIES & DISTILLERIES
TIMBOR,Timbor Home Limited,MISCELLANEOUS
TIMETECHNO,Time Technoplast Limited,PACKAGING
TIMKEN,Timken India Limited,BEARINGS
TINPLATE,The Tinplate Company of India Limited,METALS - NON FERROUS
TIPSINDLTD,TIPS Industries Limited,MEDIA & ENTERTAINMENT
TIRUMALCHM,Thirumalai Chemicals Limited,CHEMICALS
TITAN,Titan Industries Limited,STEEL - MEDIUM / SMALL
TNPETRO,Tamilnadu PetroProducts Limited,DETERGENTS
TNPL,Tamil Nadu Newsprint & Papers Limited,PAPER
TORNTPHARM,Torrent Pharmaceuticals Limited,PHARMACEUTICALS
TORNTPOWER,Torrent Power Limited,POWER - GENERATION/DISTRIBUTION
TREEHOUSE,Tree House Education & Accessories Limited,COMPUTERS - SOFTWARE - TRAINING
TRENT,Trent Limited,MISCELLANEOUS
TRF,TRF Limited,ENGINEERING - HEAVY
TRIDENT,Trident Limited,CONSTRUCTION & CONTRACTING - CIVIL
TRIGYN,Trigyn Technologies Limited,COMPUTERS - SOFTWARE MEDIUM/SMALL
TRIL,Transformers And Rectifiers (India) Limited,MISCELLANEOUS
TRITURBINE,Triveni Turbine Limited,ENGINEERING - HEAVY
TRIVENI,Triveni Engineering & Industries Limited,GLASS & GLASS PRODUCTS
TTKHEALTH,TTK Healthcare Limited,PHARMACEUTICALS
TTKPRESTIG,TTK Prestige Limited,DOMESTIC APPLIANCES
TTL,T T Limited,TEXTILES - HOSIERY/KNITWEAR
TTML,Tata Teleservices (Maharashtra) Limited,TELECOMMUNICATIONS - SERVICE
TUBEINVEST,Tube Investments of India Limited,MISCELLANEOUS
TULIP,Tulip Telecom Limited,TELECOMMUNICATIONS - SERVICE
TULSI,Tulsi Extrusions Limited,SUGAR
TV18BRDCST,TV18 Broadcast Limited,MEDIA & ENTERTAINMENT
TVSELECT,TVS Electronics Limited,COMPUTERS - HARDWARE
TVSMOTOR,TVS Motor Company Limited,AUTO - 2 & 3 WHEELERS
TVSSRICHAK,TVS Srichakra Limited,TYRES
TVTODAY,TV Today Network Limited,MEDIA & ENTERTAINMENT
TWL,Titagarh Wagons Limited,INFRASTRUCTURE - GENERAL
UBENGG,UB Engineering Limited,ENGINEERING - HEAVY
UBHOLDINGS,United Breweries (Holdings) Limited,TRADING
UBL,United Breweries Limited,BREWERIES & DISTILLERIES
UCALFUEL,Ucal Fuel Systems Limited,AUTO ANCILLARIES
UCOBANK,UCO Bank,BANKS - PUBLIC SECTOR
UFLEX,UFLEX Limited,PACKAGING
UGARSUGAR,The Ugar Sugar Works Limited,SUGAR
UJAAS,Ujaas Energy Limited,POWER - TRANSMISSION/EQUIPMENT
ULTRACEMCO,UltraTech Cement Limited,CEMENT - MAJOR
UNICHEMLAB,Unichem Laboratories Limited,PHARMACEUTICALS
UNIENTER,Uniphos Enterprises Limited,TRADING
UNIONBANK,Union Bank of India,BANKS - PUBLIC SECTOR
UNITECH,Unitech Limited,PACKAGING
UNITEDBNK,United Bank of India,BANKS - PUBLIC SECTOR
UNITY,Unity Infraprojects Limited,STEEL - MEDIUM / SMALL
UPERGANGES,Upper Ganges Sugar & Industries Limited,SUGAR
UPL,UPL Limited,CHEMICALS
USHAMART,Usha Martin Limited,STEEL - LARGE
USHERAGRO,Usher Agro Limited,FOOD PROCESSING
UTTAMSTL,Uttam Galva Steels Limited,STEEL - GP/GC SHEETS
UTTAMVALUE,Uttam Value Steels Limited,STEEL - CR/HR STRIPS
VADILALIND,Vadilal Industries Limited,FOOD PROCESSING
VAIBHAVGBL,Vaibhav Global Limited,DIAMOND CUTTING/PRECIOUS METALS/JEWELLERY
VAKRANSOFT,Vakrangee Softwares Limited,COMPUTERS - SOFTWARE MEDIUM/SMALL
VALECHAENG,Valecha Engineering Limited,CONSTRUCTION & CONTRACTING - CIVIL
VALUEIND,Value Industries Limited,CONSUMER GOODS - WHITE GOODS
VARDHACRLC,Vardhman Acrylics Limited,TEXTILES - MANMADE
VARDMNPOLY,Vardhman Polytex Limited,TEXTILES - SPINNING - COTTON BLENDED
VARUN,Varun Industries Limited,CEMENT - MINI
VARUNSHIP,Varun Shipping Company Limited,SHIPPING
VASCONEQ,Vascon Engineers Limited,CONSTRUCTION & CONTRACTING - REAL ESTATE
VENKEYS,Venky's (India) Limited,MISCELLANEOUS
VENUSREM,Venus Remedies Limited,PHARMACEUTICALS
VESUVIUS,Vesuvius India Limited,CEMENT - PRODUCTS/BUILDING MATERIALS
VGUARD,V-Guard Industries Limited,MISCELLANEOUS
VHL,Vardhman Holdings Limited,TEXTILES - SPINNING - SYNTHETIC BLENDED
VICEROY,Viceroy Hotels Limited,HOTELS
VIDEOIND,Videocon Industries Limited,CONSUMER GOODS - ELECTRONIC
VIJAYABANK,Vijaya Bank,BANKS - PUBLIC SECTOR
VIJSHAN,Vijay Shanthi Builders Limited,CONSTRUCTION & CONTRACTING - HOUSING
VIKASGLOB,Vikas GlobalOne Limited,FINANCE - INVESTMENTS
VIMALOIL,Vimal Oil & Foods Limited,EDIBLE OILS & SOLVENT EXTRACTION
VIMTALABS,Vimta Labs Limited,MISCELLANEOUS
VINATIORGA,Vinati Organics Limited,CHEMICALS
VINDHYATEL,Vindhya Telelinks Limited,CABLES - TELEPHONE
VINYLINDIA,Vinyl Chemicals (India) Limited,CHEMICALS
VIPIND,VIP Industries Limited,PLASTICS
VISAKAIND,Visaka Industries Limited,CEMENT - PRODUCTS/BUILDING MATERIALS
VISASTEEL,Visa Steel Limited,STEEL - LARGE
VISESHINFO,Visesh Infotecnics Limited,COMPUTERS - SOFTWARE MEDIUM/SMALL
VISUINTL,Visu International Limited,COMPUTERS - SOFTWARE MEDIUM/SMALL
VIVIMEDLAB,Vivimed Labs Limited,PHARMACEUTICALS
VKSPL,VKS Projects Limited,ENGINEERING
VLSFINANCE,VLS Finance Limited,FINANCE - LEASING & HIRE PURCHASE
VOLTAMP,Voltamp Transformers Limited,POWER - TRANSMISSION/EQUIPMENT
VOLTAS,Voltas Limited,DIVERSIFIED
VSSL,Vardhman Special Steels Limited,STEEL - MEDIUM / SMALL
VSTIND,VST Industries Limited,CIGARETTES
VSTTILLERS,V.S.T Tillers Tractors Limited,AUTO - TRACTORS
VTL,Vardhman Textiles Limited,TEXTILES - SPINNING - COTTON BLENDED
WABAG,VA Tech Wabag Limited,INFRASTRUCTURE - GENERAL
WABCOINDIA,WABCO India Limited,AUTO ANCILLARIES
WALCHANNAG,Walchandnagar Industries Limited,ENGINEERING - HEAVY
WEIZMANIND,Weizmann Limited,TEXTILES - PROCESSING
WELCORP,Welspun Corp Limited,STEEL - TUBES/PIPES
WELINV,Welspun Investments and Commercials Limited,FINANCE - INVESTMENTS
WELPROJ,Welspun Projects Limited,CONSTRUCTION & CONTRACTING - CIVIL
WELSPUNIND,Welspun India Limited,TEXTILES - WEAVING
WHEELS,Wheels India Limited,AUTO ANCILLARIES
WHIRLPOOL,Whirlpool of India Limited,DOMESTIC APPLIANCES
WINDMACHIN,Windsor Machines Limited,ENGINEERING - HEAVY
WINSOME,Winsome Yarns Limited,BREWERIES & DISTILLERIES
WINSOMEDJ,Winsome Diamonds and Jewellery Limited,DIAMOND CUTTING/PRECIOUS METALS/JEWELLERY
WIPRO,Wipro Limited,COMPUTERS - SOFTWARE
WOCKPHARMA,Wockhardt Limited,PHARMACEUTICALS
WSI,W S Industries (I) Limited,ELECTRIC EQUIPMENT
WSTCSTPAPR,West Coast Paper Mills Limited,PAPER
WYETH,Wyeth Limited,PHARMACEUTICALS
XLENERGY,XL Energy Limited,TELECOMMUNICATIONS - EQUIPMENT
XPROINDIA,Xpro India Limited,PACKAGING
YESBANK,Yes Bank Limited,BANKS - PRIVATE SECTOR
ZANDUREALT,Zandu Realty Limited,CONSTRUCTION & CONTRACTING - REAL ESTATE
ZEEL,Zee Entertainment Enterprises Limited,COMPUTERS - SOFTWARE - TRAINING
ZEELEARN,Zee Learn Limited,COMPUTERS - SOFTWARE - TRAINING
ZEEMEDIA,Zee Media Corporation Limited,MEDIA & ENTERTAINMENT
ZENITHCOMP,Zenith Computers Limited,COMPUTERS - HARDWARE
ZENSARTECH,Zensar Technologies Limited,COMPUTERS - SOFTWARE
ZICOM,Zicom Electronic Security Systems Limited,ELECTRICALS
ZODIACLOTH,Zodiac Clothing Company Limited,TEXTILES - READYMADE APPARELS
ZUARI,Zuari Agro Chemicals Limited,FERTILISERS
ZUARIGLOB,ZUARI GLOBAL LIMITED,FERTILISERS
ZYDUSWELL,Zydus Wellness Limited,VANASPATI/OILS
ZYLOG,Zylog Systems Limited,COMPUTERS - SOFTWARE MEDIUM/SMALL
