SYMBOL,FULLNAME
3IINFOTECH,3i Infotech Limited
ABCIL,Aditya Birla Chemicals (India) Limited
ACROPETAL,Acropetal Technologies Limited
ADHUNIK,Adhunik Metaliks Limited
ADSL,Allied Digital Services Limited
AFTEK,Aftek Limited
AHLUCONT,Ahluwalia Contracts (India) Limited
ALPHAGEO,Alphageo (India) Limited
AMAR,Amar Remedies Limited
ANIKINDS,Anik Industries Limited
APLAB,Aplab Limited
ARSSINFRA,ARSS Infrastructure Projects Limited
ASIANELEC,Asian Electronics Limited
AUSTRAL,Austral Coke & Projects Limited
BARTRONICS,Bartronics India Limited
BEPL,Bhansali Engineering Polymers Limited
BHARTISHIP,Bharati Shipyard Limited
BINDALAGRO,Oswal Chemicals & Fertilizers Limited
BIRLACOT,Birla Cotsyn (India) Limited
BIRLAMONEY,Aditya Birla Money Limited
BIRLAPOWER,Birla Power Solutions Limited
BRANDHOUSE,Brandhouse Retails Limited
BSELINFRA,BSEL Infrastructure Realty Limited
CEREBRAINT,Cerebra Integrated Technologies Limited
CHROMATIC,Chromatic India Limited
CLUTCHAUTO,Clutch Auto Limited
DRDATSONS,Dr. Datson's Labs Limited
DYNATECH,some problem with the quote DYNATECH
EKC,Everest Kanto Cylinder Limited
ESSARSHPNG,Essar Shipping Limited
ESTER,Ester Industries Limited
EXCELCROP,Excel Crop Care Limited
FARMAXIND,Farmax India Limited
FCSSOFT,FCS Software Solutions Limited
FMNL,Future Market Networks Limited
FOURSOFT,Four Soft Limited
GAMMONIND,Gammon India Limited
GARDENSILK,Garden Silk Mills Limited
GEMINI,Gemini Communication Limited
GEODESIC,Geodesic Limited
GINNIFILA,Ginni Filaments Limited
GKB,GKB Ophthalmics Limited
GLODYNE,Glodyne Technoserve Limited
GOKEX,Gokaldas Exports Limited
GOLDENTOBC,Golden Tobacco Limited
GREENFIRE,Green Fire Agri Commodities Limited
HANUNG,Hanung Toys and Textiles Limited
HINDOILEXP,Hindustan Oil Exploration Company Limited
HOVS,HOV Services Limited
IBWSL,Indiabulls Wholesale Services Limited
ICIL,Indo Count Industries Limited
ICSA,ICSA (India) Limited
INDBANK,Indbank Merchant Banking Services Limited
INDOSOLAR,Indosolar Limited
INDSWFTLAB,Ind-Swift Laboratories Limited
INDSWFTLTD,Ind-Swift Limited
INFODRIVE,Info-Drive Software Limited
INVENTURE,Inventure Growth & Securities Limited
JCTEL,JCT Electronics Limited
JIKIND,JIK Industries Limited
JPOLYINVST,Jindal Poly Investment and Finance Company Limited
KGL,Karuturi Global Limited
KIRIINDUS,Kiri Industries Limited
KLGSYSTEL,KLG Systel Limited
KOPDRUGS,KDL Biotech Limited
KOVAI,Kovai Medical Center & Hospital Limited
LAKSHMIFIN,The Lakshmi Finance & Industrial Corporation Limited
LOTUSEYE,Lotus Eye Care Hospital Limited
MARG,Marg Limited
MEGASOFT,Megasoft Limited
MELSTAR,Melstar Information Technologies Limited
MERCATOR,Mercator Limited
MIC,MIC Electronics Limited
MICROTECH,Micro Technologies (India) Limited
MIRCELECTR,MIRC Electronics Limited
MOREPENLAB,Morepen Laboratories Limited
MUKANDLTD,Mukand Limited
MUKTAARTS,Mukta Arts Limited
MVL,MVL Limited
NEHAINT,Neha International Limited
NGCT,Northgate Com Tech Limited
NITCO,Nitco Limited
NITESHEST,Nitesh Estates Limited
PARABDRUGS,Parabolic Drugs Limited
PARASPETRO,Paras Petrofils Limited
PBAINFRA,PBA Infrastructure Limited
PETRONENGG,Petron Engineering Construction Limited
PILANIINV,Pilani Investment and Industries Corporation Limited
PIRPHYTO,Piramal Phytocare Limited
PNC,Pritish Nandy Communications Limited
PRADIP,Pradip Overseas Limited
PRESSMN,Pressman Advertising Limited
PROZONECSC,Prozone Capital Shopping Centres Limited
PUNJABCHEM,Punjab Chemicals & Crop Protection Limited
RAJOIL,Raj Oil Mills Limited
RAMKY,Ramky Infrastructure Limited
RBN,Reliance Broadcast Network Limited
REFEX,Refex Refrigerants Limited
REISIXTEN,REI Six Ten Retail Limited
RMMIL,Resurgere Mines & Minerals Limited
SALSTEEL,S.A.L. Steel Limited
SAMTEL,Samtel Color Limited
SANGHVIFOR,Sanghvi Forging and Engineering Limited
SHIV-VANI,Shiv-Vani Oil & Gas Exploration Services Limited
SHLAKSHMI,Shri Lakshmi Cotsyn Limited
SHREEASHTA,Shree Ashtavinayak Cine Vision Limited
SHYAMTEL,Shyam Telecom Limited
SKUMARSYNF,S. Kumars Nationwide Limited
SMPL,Sujana Metal Products Limited
SOUISPAT,Southern Ispat And Energy Limited
SPLIL,SPL Industries Limited
SPMLINFRA,SPML Infra Limited
SRGINFOTEC,SRG Infotec (India) Limited
SUBEX,Subex Limited
SURYAPHARM,Surya Pharmaceutical Limited
TANLA,Tanla Solutions Limited
TARAPUR,Tarapur Transformers Limited
TATAMETALI,Tata Metaliks Limited
TCIDEVELOP,TCI Developers Limited
TCPLTD,some problem with the quote TCPLTD
TECPRO,Tecpro Systems Limited
TNTELE,Tamilnadu Telecommunication Limited
TOKYOPLAST,Tokyo Plast International Limited
TRICOM,Tricom India Limited
TWILITAKA,Twilight Litaka Pharma Limited
UTTAMSUGAR,Uttam Sugar Mills Limited
V2RETAIL,V2 Retail Limited
VMART,V-Mart Retail Limited
WANBURY,Wanbury Limited
WEBELSOLAR,Websol Energy System Limited
WILLAMAGOR,Williamson Magor & Company Limited
XCHANGING,Xchanging Solutions Limited
ZENITHBIR,Zenith Birla (India) Limited
ZENITHINFO,Zenith Infotech Limited
JAICORPLTD,Jai Corp Limited
STAN,Standard Chartered PLC
20MICRONS,20 Microns Limited
3MINDIA,3M India Limited
A2ZMES,A2Z Maintenance & Engineering Services Limited
AARTIDRUGS,Aarti Drugs Limited
AARTIIND,Aarti Industries Limited
AARVEEDEN,Aarvee Denims & Exports Limited
ABAN,Aban Offshore Limited
ABB,ABB India Limited
ABBOTINDIA,Abbott India Limited
ABGSHIP,ABG Shipyard Limited
ABIRLANUVO,Aditya Birla Nuvo Limited
ACC,ACC Limited
ACCELYA,Accelya Kale Solutions Limited
ACE,Action Construction Equipment Limited
ADANIENT,Adani Enterprises Limited
ADANIPORTS,Adani Ports and Special Economic Zone Limited
ADANIPOWER,Adani Power Limited
ADFFOODS,ADF Foods Limited
ADORWELD,Ador Welding Limited
ADVANIHOTR,Advani Hotels & Resorts (India) Limited
ADVANTA,Advanta Limited
AEGISCHEM,Aegis Logistics Limited
AFL,Accel Frontline Limited
AGCNET,AGC Networks Limited
AGRODUTCH,Agro Dutch Industries Limited
AHLEAST,Asian Hotels (East) Limited
AHLWEST,Asian Hotels (West) Limited
AHMEDFORGE,Ahmednagar Forgings Limited
AIAENG,AIA Engineering Limited
AIL,Alstom India Limited
AJANTPHARM,Ajanta Pharma Limited
AJMERA,Ajmera Realty & Infra India Limited
AKSHOPTFBR,Aksh Optifibre Limited
AKZOINDIA,Akzo Nobel India Limited
ALBK,Allahabad Bank
ALCHEM,Alchemist Limited
ALEMBICLTD,Alembic Limited
ALKALI,Alkali Metals Limited
ALKYLAMINE,Alkyl Amines Chemicals Limited
ALLCARGO,Allcargo Logistics Limited
ALOKTEXT,Alok Industries Limited
ALPSINDUS,Alps Industries Limited
ALSTOMT%26D,Alstom T&D India Limited
AMARAJABAT,Amara Raja Batteries Limited
AMARJOTHI,Amarjothi Spinning Mills Limited
AMBUJACEM,Ambuja Cements Limited
AMDIND,AMD Industries Limited
AMRUTANJAN,Amrutanjan Health Care Limited
AMTEKAUTO,Amtek Auto Limited
AMTEKINDIA,Amtek India Limited
AMTL,Advance Metering Technology Limited
ANANTRAJ,Anant Raj Limited
ANDHRABANK,Andhra Bank
ANDHRACEMT,Andhra Cements Limited
ANDHRSUGAR,The Andhra Sugars Limited
ANKITMETAL,Ankit Metal & Power Limited
ANSALAPI,Ansal Properties & Infrastructure Limited
ANSALHSG,Ansal Housing and Construction Limited
ANTGRAPHIC,Antarctica Limited
APARINDS,Apar Industries Limited
APCOTEXIND,Apcotex Industries Limited
APLAPOLLO,APL Apollo Tubes Limited
APLLTD,Alembic Pharmaceuticals Limited
APOLLOHOSP,Apollo Hospitals Enterprise Limited
APOLLOTYRE,Apollo Tyres Limited
APPAPER,The Andhra Pradesh Paper Mills Limited
APTECHT,Aptech Limited
AQUA,Aqua Logistics Limited
ARCHIDPLY,Archidply Industries Limited
ARCHIES,Archies Limited
ARIES,Aries Agro Limited
ARROWTEX,Arrow Textiles Limited
ARSHIYA,Arshiya International Limited
ARVIND,Arvind Limited
ARVINDREM,Arvind Remedies Limited
ASAHIINDIA,Asahi India Glass Limited
ASAHISONG,Asahi Songwon Colors Limited
ASAL,Automotive Stampings and Assemblies Limited
ASHAPURMIN,Ashapura Minechem Limited
ASHIANA,Ashiana Housing Limited
ASHIMASYN,Ashima Limited
ASHOKA,Ashoka Buildcon Limited
ASHOKLEY,Ashok Leyland Limited
ASIANHOTNR,Asian Hotels (North) Limited
ASIANPAINT,Asian Paints Limited
ASIANTILES,Asian Granito India Limited
ASSAMCO,Assam Company India Limited
ASTEC,Astec LifeSciences Limited
ASTRAL,Astral Poly Technik Limited
ASTRAMICRO,Astra Microwave Products Limited
ASTRAZEN,AstraZeneca Pharma India Limited
ATFL,Agro Tech Foods Limited
ATLANTA,Atlanta  Limited
ATLASCYCLE,Atlas Cycles (Haryana) Limited
ATUL,Atul Limited
ATULAUTO,Atul Auto Limited
AURIONPRO,Aurionpro Solutions Limited
AUROPHARMA,Aurobindo Pharma Limited
AUTOAXLES,Automotive Axles Limited
AUTOIND,Autoline Industries Limited
AVANTI,Avanti Feeds Limited
AVTNPL,AVT Natural Products Limited
AXIS-IT%26T,Axis-IT&T Limited
AXISBANK,Axis Bank Limited
AXISGOLD,Axis Mutual Fund - Axis Gold ETF
BAFNAPHARM,Bafna Pharmaceuticals Limited
BAGFILMS,B.A.G Films and Media Limited
BAJAJ-AUTO,Bajaj Auto Limited
BAJAJCORP,Bajaj Corp Limited
BAJAJELEC,Bajaj Electricals Limited
BAJAJFINSV,Bajaj Finserv Limited
BAJAJHIND,Bajaj Hindusthan Limited
BAJAJHLDNG,Bajaj Holdings & Investment Limited
BAJFINANCE,Bajaj Finance Limited
BALAJITELE,Balaji Telefilms Limited
BALAMINES,Balaji Amines Limited
BALKRISIND,Balkrishna Industries Limited
BALLARPUR,Ballarpur Industries Limited
BALMLAWRIE,Balmer Lawrie & Company Limited
BALPHARMA,Bal Pharma Limited
BALRAMCHIN,Balrampur Chini Mills Limited
BANCOINDIA,Banco Products (I) Limited
BANKBARODA,Bank of Baroda
BANKBEES,Goldman Sachs Banking Index Exchange Traded Scheme
BANKINDIA,Bank of India
BASF,BASF India Limited
BASML,Bannari Amman Spinning Mills Limited
BATAINDIA,Bata India Limited
BAYERCROP,Bayer Cropscience Limited
BBL,Bharat Bijlee Limited
BBTC,Bombay Burmah Trading Corporation Limited
BECREL,Best & Crompton Engg. Limited
BEDMUTHA,Bedmutha Industries Limited
BEL,Bharat Electronics Limited
BEML,BEML Limited
BERGEPAINT,Berger Paints (I) Limited
BFINVEST,BF Investment Limited
BFUTILITIE,BF Utilities Limited
BGLOBAL,Bharatiya Global Infomedia Limited
BGRENERGY,BGR Energy Systems Limited
BHAGYNAGAR,Bhagyanagar India Limited
BHARATFORG,Bharat Forge Limited
BHARATGEAR,Bharat Gears Limited
BHARATRAS,Bharat Rasayan Limited
BHARTIARTL,Bharti Airtel Limited
BHEL,Bharat Heavy Electricals Limited
BHUSANSTL,Bhushan Steel Limited
BIL,Bhartiya International Limited
BILPOWER,Bilpower  Limited
BIMETAL,Bimetal Bearings Limited
BINANIIND,Binani Industries Limited
BIOCON,Biocon Limited
BIRLACORPN,Birla Corporation Limited
BLISSGVS,Bliss GVS Pharma Limited
BLKASHYAP,B. L. Kashyap and Sons Limited
BLUEDART,Blue Dart Express Limited
BLUESTARCO,Blue Star Limited
BLUESTINFO,Blue Star Infotech Limited
BOMDYEING,Bombay Dyeing & Mfg Company Limited
BOSCHLTD,Bosch Limited
BPCL,Bharat Petroleum Corporation Limited
BPL,BPL Limited
BRFL,Bombay Rayon Fashions Limited
BRIGADE,Brigade Enterprises Limited
BRITANNIA,Britannia Industries Limited
BROOKS,Brooks Laboratories Limited
BSL,BSL Limited
BSLGOLDETF,Birla Sun Life Mutual Fund - Birla Sun Life Gold ETF - Growth
BSLIMITED,BS LIMITED
BSLNIFTY,Birla Sun Life Mutual Fund - Birla Sun Life Nifty ETF - Growth
BURNPUR,Burnpur Cement Limited
CADILAHC,Cadila Healthcare Limited
CAIRN,Cairn India Limited
CANBK,Canara Bank
CANDC,C & C Constructions Limited
CANFINHOME,Can Fin Homes Limited
CANTABIL,Cantabil Retail India Limited
CAPF,Capital First Limited
CARBORUNIV,Carborundum Universal Limited
CAREERP,Career Point Limited
CARERATING,Credit Analysis And Research Limited
CASTROL,Castrol India Limited
CCCL,Consolidated Construction Consortium Limited
CCL,CCL Products (India) Limited
CEATLTD,CEAT Limited
CEBBCO,Commercial Engineers & Body Builders Co Limited
CELEBRITY,Celebrity Fashions Limited
CELESTIAL,Celestial Biolabs Limited
CENTENKA,Century Enka Limited
CENTRALBK,Central Bank of India
CENTUM,Centum Electronics Limited
CENTURYPLY,Century Plyboards (India) Limited
CENTURYTEX,Century Textiles & Industries Limited
CERA,Cera Sanitaryware Limited
CESC,CESC Limited
CGCL,Capri Global Capital Limited
CHAMBLFERT,Chambal Fertilizers & Chemicals Limited
CHEMFALKAL,Chemfab Alkalis Limited
CHENNPETRO,Chennai Petroleum Corporation Limited
CHOLAFIN,Cholamandalam Investment and Finance Company Limited
CILNOVA,CIL Nova Petrochemicals Limited
CIMMCO,Cimmco Limited
CINELINE,Cineline India Limited
CINEMAXIN,Cinemax India Limited
CIPLA,Cipla Limited
CLNINDIA,Clariant Chemicals (India) Limited
CMAHENDRA,C. Mahendra Exports Limited
CMC,CMC Limited
COALINDIA,Coal India Limited
COLPAL,Colgate Palmolive (India) Limited
COMPUAGE,Compuage Infocom Limited
COMPUSOFT,Compucom Software Limited
CONCOR,Container Corporation of India Limited
CONSOFINVT,Consolidated Finvest & Holdings Limited
CORDSCABLE,Cords Cable Industries Limited
COREEDUTEC,CORE Education & Technologies Limited
COROMANDEL,Coromandel International Limited
CORPBANK,Corporation Bank
COSMOFILMS,Cosmo Films Limited
COX%26KINGS,Cox & Kings Limited
CRESTANI,Crest Animation Studios Limited
CRISIL,CRISIL Limited
CROMPGREAV,Crompton  Greaves Limited
CTE,Cambridge Technology Enterprises Limited
CUB,City Union Bank Limited
CUMMINSIND,Cummins India Limited
CYBERTECH,Cybertech Systems And Software Limited
DAAWAT,LT Foods Limited
DABUR,Dabur India Limited
DALMIABHA,Dalmia Bharat Limited
DALMIASUG,Dalmia Bharat Sugar and Industries Limited
DATAMATICS,Datamatics Global Services Limited
DBCORP,D.B.Corp Limited
DBREALTY,D B Realty Limited
DBSTOCKBRO,DB (International) Stock Brokers Limited
DCB,Development Credit Bank Limited
DCM,DCM  Limited
DCMSRMCONS,DCM Shriram Consolidated Limited
DCW,DCW Limited
DECCANCE,Deccan Cements Limited
DEEPAKFERT,Deepak Fertilizers and Petrochemicals Corporation Limited
DEEPAKNTR,Deepak Nitrite Limited
DEEPIND,Deep Industries Limited
DELTACORP,Delta Corp Limited
DEN,Den Networks Limited
DENABANK,Dena Bank
DHAMPURSUG,Dhampur Sugar Mills Limited
DHANBANK,Dhanlaxmi Bank Limited
DHANUKA,Dhanuka Agritech Limited
DHARSUGAR,Dharani Sugars & Chemicals Limited
DHFL,Dewan Housing Finance Corporation Limited
DIAPOWER,Diamond Power Infra Ltd
DICIND,DIC India Limited
DIGJAM,Digjam Limited
DISHMAN,Dishman Pharmaceuticals and Chemicals Limited
DISHTV,Dish TV India Limited
DIVISLAB,Divi's Laboratories Limited
DLF,DLF Limited
DLINKINDIA,D-Link (India) Limited
DOLPHINOFF,Dolphin Offshore Enterprises (India) Limited
DPSCLTD,DPSC Limited
DPTL,Dhunseri Petrochem & Tea Limited
DQE,DQ Entertainment (International) Limited
DREDGECORP,Dredging Corporation of India Limited
DRREDDY,Dr. Reddy's Laboratories Limited
DSKULKARNI,DS Kulkarni Developers Limited
DUNCANSLTD,Duncans Industries Limited
DWARKESH,Dwarikesh Sugar Industries Limited
EASTSILK,Eastern Silk Industries Limited
EASUNREYRL,Easun Reyrolle Limited
ECEIND,ECE Industries Limited
ECLERX,eClerx Services Limited
EDELWEISS,Edelweiss Financial Services Limited
EDL,Empee Distilleries Limited
EDSERV,Edserv Softsystems Limited
EDUCOMP,Educomp Solutions Limited
EICHERMOT,Eicher Motors Limited
EIDPARRY,EID Parry India Limited
EIHAHOTELS,EIH Associated Hotels Limited
EIHOTEL,EIH Limited
EIMCOELECO,Eimco Elecon (India) Limited
ELDERPHARM,Elder Pharmaceuticals Limited
ELECON,Elecon Engineering Company Limited
ELECTCAST,Electrosteel Castings Limited
ELECTHERM,Electrotherm (India) Limited
ELGIEQUIP,Elgi Equipments Limited
ELGIRUBCO,Elgi Rubber Company Limited
ELNET,Elnet Technologies Limited
EMAMIINFRA,Emami Infrastructure Limited
EMAMILTD,Emami Limited
EMCO,Emco Limited
EMKAY,Emkay Global Financial Services Limited
EMMBI,Emmbi Industries Limited
EMPEESUG,Empee Sugars and Chemicals Limited
ENERGYDEV,Energy Development Company Limited
ENGINERSIN,Engineers India Limited
ENIL,Entertainment Network (India) Limited
EON,Eon Electric Limited
ERAINFRA,Era Infra Engineering Limited
EROSMEDIA,Eros International Media Limited
ESABINDIA,Esab India Limited
ESCORTS,Escorts Limited
ESL,Electrosteel Steels Limited
ESSAROIL,Essar Oil Limited
ESSARPORTS,Essar Ports Limited
ESSDEE,Ess Dee Aluminium Limited
ESSELPACK,Essel Propack Limited
EUROTEXIND,Eurotex Industries and Exports Limited
EVEREADY,Eveready Industries India Limited
EVERESTIND,Everest Industries Limited
EVERONN,Everonn Education Limited
EXCELINDUS,Excel Industries Limited
EXCELINFO,Excel Infoways Limited
EXIDEIND,Exide Industries Limited
FACT,Fertilizers and Chemicals Travancore Limited
FAGBEARING,FAG Bearings India Limited
FCEL,Future Consumer Enterprise Limited
FDC,FDC Limited
FEDDERLOYD,Fedders Lloyd Corporation Limited
FEDERALBNK,The Federal Bank  Limited
FIEMIND,Fiem Industries Limited
FINANTECH,Financial Technologies (India) Limited
FINCABLES,Finolex Cables Limited
FINPIPE,Finolex Industries Limited
FIRSTLEASE,First Leasing Company of India Limited
FKONCO,Fresenius Kabi Oncology Limited
FLEXITUFF,Flexituff International Limited
FLFL,Future Lifestyle Fashions Limited
FMGOETZE,Federal-Mogul Goetze (India) Limited.
FORTIS,Fortis Healthcare Limited
FOSECOIND,Foseco India Limited
FRL,Future Retail Limited
FRLDVR,Future Retail Limited
FSL,Firstsource Solutions Limited
GABRIEL,Gabriel India Limited
GAEL,Gujarat Ambuja Exports Limited
GAIL,GAIL (India) Limited
GAL,Gyscoal Alloys Limited
GALLANTT,Gallantt Metal Limited
GALLISPAT,Gallantt Ispat Limited
GAMMNINFRA,Gammon Infrastructure Projects Limited
GANDHITUBE,Gandhi Special Tubes Limited
GANESHHOUC,Ganesh Housing Corporation Limited
GARWALLROP,Garware  Wall Ropes Limited
GATI,GATI Limited
GAYAPROJ,Gayatri Projects Limited
GDL,Gateway Distriparks Limited
GEECEE,GeeCee Ventures Limited
GEINDSYS,GEI Industrial Systems Limited
GENESYS,Genesys International Corporation Limited
GENUSPOWER,Genus Power Infrastructures Limited
GEOJITBNPP,Geojit BNP Paribas Financial Services Limited
GEOMETRIC,Geometric Limited
GESHIP,The Great Eastern Shipping Company Limited
GHCL,GHCL Limited
GICHSGFIN,GIC Housing Finance Limited
GILLANDERS,Gillanders Arbuthnot & Company Limited
GILLETTE,Gillette India Limited
GIPCL,Gujarat Industries Power Company Limited
GITANJALI,Gitanjali Gems Limited
GKWLIMITED,GKW Limited
GLAXO,GlaxoSmithKline Pharmaceuticals Limited
GLENMARK,Glenmark Pharmaceuticals Limited
GLOBOFFS,Global Offshore Services Limited
GLOBUSSPR,Globus Spirits Limited
GLORY,Glory Polyfilms Limited
GMBREW,GM Breweries Limited
GMDCLTD,Gujarat Mineral Development Corporation Limited
GMRINFRA,GMR Infrastructure Limited
GNFC,Gujarat Narmada Valley Fertilizers and Chemicals Limited
GOACARBON,Goa Carbon Limited
GODFRYPHLP,Godfrey Phillips India Limited
GODREJCP,Godrej Consumer Products Limited
GODREJIND,Godrej Industries Limited
GODREJPROP,Godrej Properties Limited
GOENKA,Goenka Diamond and Jewels Limited
GOKUL,Gokul Refoils and Solvent Limited
GOLDBEES,Goldman Sachs Gold Exchange Traded Scheme
GOLDIAM,Goldiam International Limited
GOLDINFRA,Goldstone Infratech Limited
GOLDSHARE,UTI Mutual Fund - UTI Gold Exchange Traded Fund
GOLDTECH,Goldstone Technologies Limited
GPIL,Godawari Power And Ispat limited
GPPL,Gujarat Pipavav Port Limited
GRANULES,Granules India Limited
GRAPHITE,Graphite India Limited
GRASIM,Grasim Industries Limited
GRAVITA,Gravita India Limited
GREAVESCOT,Greaves Cotton Limited
GREENPLY,Greenply Industries Limited
GREENPOWER,Orient Green Power Company Limited
GRINDWELL,Grindwell Norton Limited
GRUH,Gruh Finance Limited
GSCLCEMENT,Gujarat Sidhee Cement Limited
GSFC,Gujarat State Fertilizers & Chemicals Limited
GSKCONS,GlaxoSmithKline Consumer Healthcare Limited
GSPL,Gujarat State Petronet Limited
GSS,GSS Infotech Limited
GTL,GTL Limited
GTLINFRA,GTL Infrastructure Limited
GTNIND,GTN Industries Limited
GTNTEX,GTN Textiles Limited
GTOFFSHORE,GOL Offshore Limited
GUFICBIO,Gufic Biosciences Limited
GUJALKALI,Gujarat Alkalies and Chemicals Limited
GUJAPOLLO,Gujarat Apollo Industries Limited
GUJFLUORO,Gujarat Fluorochemicals Limited
GUJNRECOKE,Gujarat NRE Coke Limited
GUJNREDVR,Gujarat NRE Coke Limited
GUJRATGAS,Gujarat Gas Company Limited
GULFOILCOR,Gulf Oil Corporation Limited
GVKPIL,GVK Power & Infrastructure Limited
HARITASEAT,Harita Seating Systems Limited
HARRMALAYA,Harrisons  Malayalam Limited
HATHWAY,Hathway Cable & Datacom Limited
HAVELLS,Havells India Limited
HBLPOWER,HBL Power Systems Limited
HCC,Hindustan Construction Company Limited
HCIL,Himadri Chemicals and Industries Limited
HCL-INSYS,HCL Infosystems Limited
HCLTECH,HCL Technologies Limited
HDFC,Housing Development Finance Corporation Limited
HDFCBANK,HDFC Bank Limited
HDFCMFGETF,HDFC Mutual Fund-HDFC Gold Exchange Traded Fund
HDIL,Housing Development and Infrastructure Limited
HEG,HEG Limited
HEIDELBERG,HeidelbergCement India Limited
HELIOSMATH,Helios And Matheson Information Technology Limited
HERCULES,Hercules Hoists Limited
HERITGFOOD,Heritage Foods Limited
HEROMOTOCO,Hero MotoCorp Limited
HEXATRADEX,Hexa Tradex Limited
HEXAWARE,Hexaware Technologies Limited
HFCL,Himachal Futuristic Communications Limited
HGS,Hinduja Global Solutions Limited
HIKAL,Hikal Limited
HIL,HIL Limited
HIMATSEIDE,Himatsingka Seide Limited
HINDALCO,Hindalco Industries Limited
HINDCOMPOS,Hindustan Composites Limited
HINDCOPPER,Hindustan Copper Limited
HINDDORROL,Hindustan Dorr-Oliver Limited
HINDMOTORS,Hindustan Motors Limited
HINDPETRO,Hindustan Petroleum Corporation Limited
HINDUJAVEN,Hinduja Ventures Limited
HINDUNILVR,Hindustan Unilever Limited
HINDZINC,Hindustan Zinc Limited
HIRAFERRO,Hira Ferro Alloys Limited
HIRECT,Hind Rectifiers Limited
HITACHIHOM,Hitachi Home and Life Solutions (India) Limited
HITECHGEAR,Hi-Tech Gears Limited
HITECHPLAS,Hitech Plast Limited
HMT,HMT Limited
HMVL,Hindustan Media Ventures Limited
HNGSNGBEES,Goldman Sachs Hang Seng Exchange Traded Scheme
HOCL,Hindustan Organic Chemicals Limited
HONAUT,Honeywell Automation India Limited
HONDAPOWER,Honda Siel Power Products Limited
HORIZONINF,Horizon Infrastructure Limited
HOTELEELA,Hotel Leela Venture Limited
HOTELRUGBY,Hotel Rugby Limited
HSIL,HSIL Limited
HTMEDIA,HT Media Limited
HUBTOWN,Hubtown Limited
HYDROS%26S,Hydro S & S Industries Limited
IBIPL,Indiabulls Infrastructure and Power Limited
IBPOW,Indiabulls Power Limited
IBREALEST,Indiabulls Real Estate Limited
IBSEC,Indiabulls Securities Limited
IBULHSGFIN,Indiabulls Housing Finance Limited
ICICIBANK,ICICI Bank Limited
ICRA,ICRA Limited
IDBI,IDBI Bank Limited
IDBIGOLD,IDBI Mutual Fund - IDBI Gold Exchange Traded Fund
IDEA,Idea Cellular Limited
IDFC,IDFC Limited
IFBAGRO,IFB Agro Industries Limited
IFBIND,IFB Industries Limited
IFCI,IFCI Limited
IFGLREFRAC,IFGL Refractories Limited
IGARASHI,Igarashi Motors India Limited
IGL,Indraprastha Gas Limited
IGPL,IG Petrochemicals Limited
IIFLNIFTY,IIFL Mutual Fund - IIFL NIFTY ETF
IL%26FSENGG,IL&FS Engineering and Construction Company Limited
IL%26FSTRANS,IL&FS Transportation Networks Limited
IMFA,Indian Metals & Ferro Alloys Limited
IMPAL,India Motor Parts and Accessories Limited
IMPEXFERRO,Impex Ferro Tech Limited
INDHOTEL,The Indian Hotels Company Limited
INDIACEM,The India Cements Limited
INDIAGLYCO,India Glycols Limited
INDIAINFO,India Infoline Limited
INDIANB,Indian Bank
INDIANCARD,Indian Card Clothing Company Limited
INDIANHUME,Indian Hume Pipe Company Limited
INDNIPPON,India Nippon Electricals Limited
INDOCO,Indoco Remedies Limited
INDORAMA,Indo Rama Synthetics (India) Limited
INDOTECH,Indo Tech Transformers Limited
INDOTHAI,Indo Thai Securities Limited
INDOWIND,Indowind Energy Limited
INDRAMEDCO,Indraprastha Medical Corporation Limited
INDUSFILA,Indus Fila Limited
INDUSINDBK,IndusInd Bank Limited
INFINITE,Infinite Computer Solutions (India) Limited
INFOTECENT,Infotech Enterprises Limited
INFRABEES,Goldman Sachs Infrastructure Exchange Traded Scheme
INFRATEL,Bharti Infratel Limited
INFY,Infosys Limited
INGERRAND,Ingersoll Rand (India) Limited
INGVYSYABK,ING Vysya Bank Limited
INNOIND,Innoventive Industries Limited
INOXLEISUR,INOX Leisure Limited
INSECTICID,Insecticides (India) Limited
INTEGRA,Integra Garments and Textiles Limited
IOB,Indian Overseas Bank
IOC,Indian Oil Corporation Limited
IPCALAB,IPCA Laboratories Limited
IPGETF,ICICI Prudential Mutual Fund - ICICI Prudential Gold ETF
IRB,IRB Infrastructure Developers Limited
ISFT,Intrasoft Technologies Limited
ISMTLTD,ISMT Limited
ITC,ITC Limited
ITDCEM,ITD Cementation India Limited
ITI,ITI Limited
IVC,IL&FS Investment Managers Limited
IVRCLINFRA,IVRCL Limited
J%26KBANK,The Jammu & Kashmir Bank Limited
JAGRAN,Jagran Prakashan Limited
JAGSNPHARM,Jagsonpal Pharmaceuticals Limited
JAIBALAJI,Jai Balaji Industries Limited
JAICORPLTD,Jai Corp Limited
JAMNAAUTO,Jamna Auto Industries Limited
JAYAGROGN,Jayant Agro Organics Limited
JAYBARMARU,Jay Bharat Maruti Limited
JAYNECOIND,Jayaswal Neco Industries Limited
JAYSREETEA,Jayshree Tea & Industries Limited
JBCHEPHARM,JB Chemicals & Pharmaceuticals Limited
JBFIND,JBF Industries Limited
JENSONICOL,Jenson & Nicholson (India) Limited
JETAIRWAYS,Jet Airways (India) Limited
JHS,JHS Svendgaard Laboratories Limited
JINDALPHOT,Jindal Photo Limited
JINDALPOLY,Jindal Poly Films Limited
JINDALSAW,Jindal Saw Limited
JINDALSTEL,Jindal Steel & Power Limited
JINDCOT,Jindal Cotex Limited
JINDRILL,Jindal Drilling And Industries Limited
JINDWORLD,Jindal Worldwide Limited
JISLDVREQS,Jain Irrigation Systems Limited
JISLJALEQS,Jain Irrigation Systems Limited
JKCEMENT,JK Cement Limited
JKIL,J.Kumar Infraprojects Limited
JKLAKSHMI,JK Lakshmi Cement Limited
JKPAPER,JK Paper Limited
JKTYRE,JK Tyre & Industries Limited
JMCPROJECT,JMC Projects (India)  Limited
JMFINANCIL,JM Financial Limited
JMTAUTOLTD,JMT Auto Limited
JOCIL,Jocil Limited
JPASSOCIAT,Jaiprakash Associates Limited
JPINFRATEC,Jaypee Infratech Limited
JPPOWER,Jaiprakash Power Ventures Limited
JSL,Jindal Stainless Limited
JSWENERGY,JSW Energy Limited
JSWHL,JSW Holdings Limited
JSWSTEEL,JSW Steel Limited
JUBILANT,Jubilant Life Sciences Limited
JUBLFOOD,Jubilant Foodworks Limited
JUBLINDS,Jubilant Industries Limited
JUNIORBEES,Goldman Sachs Nifty Junior Exchange Traded Scheme
JUSTDIAL,Just Dial Limited
JVLAGRO,JVL Agro Industries Limited
JYOTHYLAB,Jyothy Laboratories Limited
JYOTISTRUC,Jyoti Structures Limited
KABRAEXTRU,Kabra Extrusion Technik Limited
KAJARIACER,Kajaria Ceramics Limited
KAKATCEM,Kakatiya Cement Sugar & Industries Limited
KALINDEE,Kalindee Rail Nirman (Engineers) Limited
KALPATPOWR,Kalpataru Power Transmission Limited
KAMATHOTEL,Kamat Hotels (I) Limited
KANANIIND,Kanani Industries Limited
KANORICHEM,Kanoria Chemicals & Industries Limited
KANSAINER,Kansai Nerolac Paints Limited
KARMAENG,Karma Energy Limited
KARURVYSYA,Karur Vysya Bank Limited
KAUSHALYA,Kaushalya Infrastructure Development Corporation Limited
KAVVERITEL,Kavveri Telecom Products Limited
KBIL,Kirloskar Brothers Investments Limited
KCP,KCP Limited
KCPSUGIND,KCP Sugar and Industries Corporation Limited
KEC,KEC International Limited
KECL,Kirloskar Electric Company Limited
KEI,KEI Industries Limited
KEMROCK,Kemrock Industries and Exports Limited
KERNEX,Kernex Microsystems (India) Limited
KESARENT,Kesar Enterprises Limited
KESORAMIND,Kesoram Industries Limited
KFA,Kingfisher Airlines Limited
KICL,Kalyani Investment Company Limited
KIL,Kamdhenu Ispat Limited
KILITCH,Kilitch Drugs (India) Limited
KIRLOSBROS,Kirloskar Brothers Limited
KIRLOSENG,Kirloskar Oil Engines Limited
KIRLOSIND,Kirloskar Industries Limited
KITEX,Kitex Garments Limited
KKCL,Kewal Kiran Clothing Limited
KMSUGAR,K.M.Sugar Mills Limited
KNRCON,KNR Constructions Limited
KOHINOOR,Kohinoor Foods Limited
KOKUYOCMLN,Kokuyo Camlin Limited
KOLTEPATIL,Kolte - Patil Developers Limited
KOPRAN,Kopran Limited
KOTAKBANK,Kotak Mahindra Bank Limited
KOTAKGOLD,Kotak Mutual Fund - Gold Exchange Traded Fund
KOTAKNIFTY,Kotak Mahindra Mutual Fund-Kotak Nifty ETF
KOTAKPSUBK,Kotak Mahindra Mutual Fund
KOTARISUG,Kothari Sugars And Chemicals Limited
KOTHARIPET,Kothari Petrochemicals Limited
KOTHARIPRO,Kothari Products Limited
KPIT,KPIT Technologies Limited
KPRMILL,K.P.R. Mill Limited
KRBL,KRBL Limited
KRITIIND,Kriti Industries (India) Limited
KSBPUMPS,KSB Pumps Limited
KSCL,Kaveri Seed Company Limited
KSE,KSE Limited
KSERASERA,KSS Limited
KSK,KSK Energy Ventures Limited
KSL,Kalyani Steels Limited
KTKBANK,The Karnataka Bank Limited
KWALITY,kwality limited
L%26TFH,L&T Finance Holdings Limited
LAKSHMIEFL,Lakshmi Energy and Foods Limited
LAKSHMIMIL,The Lakshmi Mills Company Limited
LAKSHVILAS,Lakshmi Vilas Bank Limited
LANCOIN,Lanco Industries Limited
LAOPALA,La Opala RG Limited
LAXMIMACH,Lakshmi Machine Works Limited
LGBBROSLTD,LG Balakrishnan & Bros Limited
LGBFORGE,LGB Forge Limited
LIBERTSHOE,Liberty Shoes Limited
LICHSGFIN,LIC Housing Finance Limited
LINDEINDIA,Linde India Limited
LIQUIDBEES,Goldman Sachs Liquid Exchange Traded Scheme
LITL,Lanco Infratech Limited
LLOYDELENG,Lloyd Electric & Engineering Limited
LML,LML Limited
LOKESHMACH,Lokesh Machines Limited
LOVABLE,Lovable Lingerie Limited
LT,Larsen & Toubro Limited
LUMAXAUTO,Lumax Automotive Systems Limited
LUMAXIND,Lumax Industries Limited
LUMAXTECH,Lumax Auto Technologies Limited
LUPIN,Lupin Limited
LYKALABS,Lyka Labs Limited
LYPSAGEMS,Lypsa Gems & Jewellery Limited
M%26M,Mahindra & Mahindra Limited
M%26MFIN,Mahindra & Mahindra Financial Services Limited
M100,Motilal Oswal Mutual Fund - Motilal Oswal MOSt Shares M100 ETF GO
M50,Motilal Oswal Mutual Fund - Motilal Oswal MOSt Shares M50 ETF
MAANALU,Maan Aluminium Limited
MADHAV,Madhav Marbles and Granites Limited
MADHUCON,Madhucon Projects Limited
MADRASFERT,Madras Fertilizers Limited
MAGMA,Magma Fincorp Limited
MAGNUM,Magnum Ventures Limited
MAHABANK,Bank of Maharashtra
MAHINDFORG,Mahindra Forgings Limited
MAHINDUGIN,Mahindra Ugine Steel Company Limited
MAHLIFE,Mahindra Lifespace Developers Limited
MAHSCOOTER,Maharashtra Scooters Limited
MAHSEAMLES,Maharashtra Seamless Limited
MANAKSIA,Manaksia Limited
MANALIPETC,Manali Petrochemicals Limited
MANAPPURAM,Manappuram Finance Limited
MANDHANA,Mandhana Industries Limited
MANGCHEFER,Mangalore Chemicals & Fertilizers Limited
MANGLMCEM,Mangalam Cement Limited
MANINDS,Man Industries (India) Limited
MANINFRA,Man Infraconstruction Limited
MANJEERA,Manjeera Constructions Limited
MANJUSHREE,Manjushree Technopack Limited
MARALOVER,Maral Overseas Limited
MARICO,Marico Limited
MARKSANS,Marksans Pharma Limited
MARUTI,Maruti Suzuki India Limited
MASTEK,Mastek Limited
MAWANASUG,Mawana Sugars Limited
MAX,Max India Limited
MAXWELL,Maxwell Industries Limited
MAYURUNIQ,Mayur Uniquoters Ltd
MBECL,Mcnally Bharat Engineering Company Limited
MBLINFRA,MBL Infrastructures Limited
MCDHOLDING,McDowell Holdings Limited
MCDOWELL-N,United Spirits Limited
MCLEODRUSS,Mcleod Russel India Limited
MCX,Multi Commodity Exchange of India Limited
MEGH,Meghmani Organics Limited
MERCK,Merck Limited
METKORE,Metkore Alloys & Industries Limited
MGOLD,Motilal Oswal Mutual Fund - Motilal Oswal MOSt Shares Gold ETF
MHRIL,Mahindra Holidays & Resorts India Limited
MICROSEC,Microsec Financial Services Limited
MINDACORP,Minda Corporation Limited
MINDAIND,Minda Industries Limited
MINDTREE,MindTree Limited
MIRZAINT,Mirza International Limited
MMFL,MM Forgings Limited
MMTC,MMTC Limited
MOHITIND,Mohit Industries Limited
MOIL,MOIL Limited
MONNETISPA,Monnet Ispat and Energy Limited
MONSANTO,Monsanto India Limited
MORARJEE,Morarjee Textiles Limited
MOSERBAER,Moser-Baer (I) Limited
MOTHERSUMI,Motherson Sumi Systems Limited
MOTILALOFS,Motilal Oswal Financial Services Limited
MOTOGENFIN,The Motor & General Finance Limited
MPHASIS,MphasiS Limited
MPSLTD,MPS Limited
MRF,MRF Limited
MRO-TEK,MRO-TEK Limited
MRPL,Mangalore Refinery and Petrochemicals Limited
MSPL,MSP Steel & Power Limited
MTEDUCARE,MT Educare Limited
MTNL,Mahanagar Telephone Nigam Limited
MUKANDENGG,Mukand Engineers Limited
MUNJALAU,Munjal Auto Industries Limited
MUNJALSHOW,Munjal Showa Limited
MURUDCERA,Murudeshwar Ceramics Limited
MUTHOOTFIN,Muthoot Finance Limited
MYSOREBANK,State Bank of Mysore
N100,Motilal Oswal Mutual Fund-Motilal Oswal MOSt Shares NASDAQ 100 ETF -GO
NAGAROIL,Nagarjuna Oil Refinery Limited
NAGREEKCAP,Nagreeka Capital & Infrastructure Limited
NAGREEKEXP,Nagreeka Exports Limited
NAHARCAP,Nahar Capital and Financial Services Limited
NAHARINDUS,Nahar Industrial Enterprises Limited
NAHARSPING,Nahar Spinning Mills Limited
NAKODA,Nakoda Limited
NANDANEXIM,some problem with the quote NANDANEXIM
NATCOPHARM,Natco Pharma Limited
NATHSEED,Nath Seeds  Limited
NATIONALUM,National Aluminium Company Limited
NATNLSTEEL,National Steel And Agro Industries Limited
NAUKRI,Info Edge (India) Limited
NAVINFLUOR,Navin Fluorine International Limited
NAVNETEDUL,Navneet Education Limited
NBCC,National Buildings Construction Corporation Limited
NBVENTURES,Nava Bharat Ventures Limited
NCC,NCC Limited
NCLIND,NCL Industries Limited
NCOPPER,Nissan Copper Limited
NDTV,New Delhi Television Limited
NECLIFE,Nectar Lifesciences Limited
NELCAST,Nelcast Limited
NELCO,NELCO Limited
NEOCORP,Neo Corp International Limited
NEPCMICON,NEPC India Limited
NESCO,Nesco Limited
NESTLEIND,Nestle India Limited
NET4,Net 4 India Limited
NETWORK18,Network18 Media & Investments Limited
NEULANDLAB,Neuland Laboratories Limited
NEXTMEDIA,Next Mediaworks Limited
NEYVELILIG,Neyveli Lignite Corporation Limited
NFL,National Fertilizers Limited
NHPC,NHPC Limited
NIBL,NRB Industrial Bearings Limited
NICCO,Nicco Corporation Limited
NIFETF,ICICI PMF - Nifty ETF - GROWTH
NIFTYBEES,Goldman Sachs Nifty Exchange Traded Scheme
NIITLTD,NIIT Limited
NIITTECH,NIIT Technologies Limited
NILKAMAL,Nilkamal Limited
NIPPOBATRY,Indo-National Limited
NITINFIRE,Nitin Fire Protection Industries Limited
NITINSPIN,Nitin Spinners Limited
NMDC,NMDC Limited
NOCIL,NOCIL Limited
NOIDATOLL,Noida Toll Bridge Company Limited
NOL,National Oxygen Limited
NORBTEAEXP,Norben Tea & Exports Limited
NOVOPANIND,Novopan Industries Limited
NRBBEARING,NRB Bearing Limited
NSIL,Nalwa Sons Investments Limited
NTPC,NTPC Limited
NUCLEUS,Nucleus Software Exports Limited
NUTEK,Nu Tek India Limited
OBEROIRLTY,Oberoi Realty Limited
OCL,OCL India Limited
OFSS,Oracle Financial Services Software Limited
OIL,Oil India Limited
OILCOUNTUB,Oil Country Tubular Limited
OISL,OCL Iron and Steel Limited
OMAXAUTO,Omax Autos Limited
OMAXE,Omaxe Limited
OMKARCHEM,Omkar Speciality Chemicals Limited
OMMETALS,OM Metals Infraprojects Limited
OMNITECH,Omnitech Infosolutions Limited
ONELIFECAP,Onelife Capital Advisors Limited
ONGC,Oil & Natural Gas Corporation Limited
ONMOBILE,OnMobile Global Limited
ONWARDTEC,Onward Technologies Limited
OPTOCIRCUI,Opto Circuits (India) Limited
ORBITCORP,Orbit Corporation Limited
ORBTEXP,Orbit Exports Limited
ORCHIDCHEM,Orchid Chemicals & Pharmaceuticals Limited
ORIENTABRA,Orient Abrasives Limited
ORIENTBANK,Oriental Bank of Commerce
ORIENTBELL,Orient Bell Limited
ORIENTCEM,Orient Cement Limited
ORIENTHOT,Oriental Hotels Limited
ORIENTPPR,Orient Paper & Industries Limited
ORIENTREF,Orient Refractories Limited
ORISSAMINE,The Orissa Minerals Development Company Limited
OUDHSUG,The Oudh Sugar Mills Limited
PAGEIND,Page Industries Limited
PANACEABIO,Panacea Biotec Limited
PANAMAPET,Panama Petrochem Limited
PANASONIC,Panasonic Appliances India Company Limited
PANCARBON,Panasonic Carbon India Company Limited
PANORAMUNI,Panoramic Universal Limited
PAPERPROD,The Paper Products Limited
PARACABLES,Paramount Communications Limited
PARAL,Parekh Aluminex Limited
PARRYSUGAR,Parrys Sugar Industries Limited
PARSVNATH,Parsvnath Developers Limited
PATELENG,Patel Engineering Limited
PATINTLOG,Patel Integrated Logistics Limited
PATSPINLTD,Patspin India Limited
PCJEWELLER,PC Jeweller Limited
PDPL,Parenteral Drugs (India) Limited
PDUMJEIND,Pudumjee Industries Limited
PDUMJEPULP,Pudumjee Pulp & Paper Mills Limited
PEL,Piramal Enterprises Limited
PENIND,Pennar Industries Limited
PENINLAND,Peninsula Land Limited
PERIATEA,The Peria Karamalai Tea & Produce Company Limited
PERSISTENT,Persistent Systems Limited
PETRONET,Petronet LNG Limited
PFC,Power Finance Corporation Limited
PFIZER,Pfizer Limited
PFOCUS,Prime Focus Limited
PFRL,Pantaloons Fashion & Retail Limited
PFS,PTC India Financial Services Limited
PGEL,PG Electroplast Limited
PGHH,Procter & Gamble Hygiene and Health Care Limited
PGIL,Pearl Global Industries Limited
PHILIPCARB,Phillips Carbon Black Limited
PHOENIXLL,Phoenix Lamps Limited
PHOENIXLTD,The Phoenix Mills Limited
PIDILITIND,Pidilite Industries Limited
PIIND,PI Industries Limited
PILIND,Peacock Industries Limited
PIPAVAVDOC,Pipavav Defence and Offshore Engineering Company Limited
PIRGLASS,Piramal Glass Limited
PITTILAM,Pitti Laminations Limited
PLETHICO,Plethico Pharmaceuticals Limited
PNB,Punjab National Bank
PNBGILTS,PNB Gilts Limited
POCHIRAJU,Pochiraju Industries Limited
POLARIS,Polaris Financial Technology Limited
POLYMED,Poly Medicure Limited
POLYPLEX,Polyplex Corporation Limited
PONDYOXIDE,Pondy Oxides & Chemicals Limited
PONNIERODE,Ponni Sugars (Erode) Limited
POWERGRID,Power Grid Corporation of India Limited
PPAP,Precision Pipes And Profiles Company Limited
PRAENG,Prajay Engineers Syndicate Limited
PRAJIND,Praj Industries Limited
PRAKASH,Prakash Industries Limited
PRAKASHCON,Prakash Constrowell Limited
PRAKASHSTL,Prakash Steelage Limited
PRATIBHA,Pratibha Industries Limited
PRECOT,Precot Meridian Limited
PRECWIRE,Precision Wires India Limited
PREMIER,Premier Limited
PRESTIGE,Prestige Estates Projects Limited
PRICOL,Pricol Limited
PRISMCEM,Prism Cement Limited
PROVOGE,Provogue (India) Limited
PSB,Punjab & Sind Bank
PSL,PSL Limited
PSUBNKBEES,Goldman Sachs PSU Bank Exchange Traded Scheme
PTC,PTC India Limited
PTL,PTL Enterprises Limited
PUNJLLOYD,Punj Lloyd Limited
PURVA,Puravankara Projects Limited
PVP,PVP Ventures Limited
PVR,PVR Limited
QGOLDHALF,Quantum Gold Fund -Exchange Traded Fund (ETF)
QNIFTY,Quantum Index Fund -Exchange Traded Fund (ETF)
RADICO,Radico Khaitan Limited
RAIN,Rain Industries Limited
RAINBOWPAP,Rainbow Papers Limited
RAJESHEXPO,Rajesh Exports Limited
RAJPALAYAM,Rajapalayam Mills Limited
RAJRAYON,Raj Rayon Industries Limited
RAJSREESUG,Rajshree Sugars & Chemicals Limited
RAJTV,Raj Television Network Limited
RALLIS,Rallis India Limited
RAMANEWS,Shree Rama Newsprint Limited
RAMCOCEM,The Ramco Cements Limited
RAMCOIND,Ramco Industries Limited
RAMCOSYS,Ramco Systems Limited
RAMSARUP,Ramsarup Industries Limited
RANASUG,Rana Sugars Limited
RANBAXY,Ranbaxy Laboratories Limited
RANEENGINE,Rane Engine Valve Limited
RANEHOLDIN,Rane Holdings Limited
RANKLIN,Ranklin Solutions Limited
RASOYPR,Rasoya Proteins Limited
RATNAMANI,Ratnamani Metals & Tubes Limited
RAYMOND,Raymond Limited
RCF,Rashtriya Chemicals and Fertilizers Limited
RCOM,Reliance Communications Limited
RECLTD,Rural Electrification Corporation Limited
REDINGTON,Redington (India) Limited
REGENCERAM,Regency Ceramics Limited
REIAGROLTD,Rei Agro Limited
RELAXO,Relaxo Footwears Limited
RELBANK,R* Shares Banking ETF
RELCAPITAL,Reliance Capital Limited
RELCNX100,Reliance Mutual Fund - R* Shares CNX 100 Fund
RELGOLD,R* Shares Gold ETF
RELGRNIFTY,Religare Invesco Nifty Exchange Traded Fund
RELIANCE,Reliance Industries Limited
RELIGARE,Religare Enterprises Limited
RELIGAREGO,Religare Invesco Gold Exchange Traded Fund
RELINFRA,Reliance Infrastructure Limited
RELMEDIA,Reliance MediaWorks Limited
RENUKA,Shree Renuka Sugars Limited
REPCOHOME,Repco Home Finance Limited
REPRO,Repro India Limited
RESPONIND,Responsive Industries Limited
REVATHI,Revathi Equipment Limited
RICOAUTO,Rico Auto Industries Limited
RIIL,Reliance Industrial Infrastructure Limited
RJL,Renaissance Jewellery Limited
RKDL,Ravi Kumar Distilleries Limited
RKFORGE,Ramkrishna Forgings Limited
RML,Rane (Madras) Limited
ROHITFERRO,Rohit Ferro-Tech Limited
ROHLTD,Royal Orchid Hotels Limited
ROLTA,Rolta India Limited
ROSSELLIND,Rossell India Limited
RPGLIFE,RPG Life Sciences Limited
RPOWER,Reliance Power Limited
RPPINFRA,R.P.P. Infra Projects Limited
RSSOFTWARE,R. S. Software (India) Limited
RSWM,RSWM Limited
RSYSTEMS,R Systems International Limited
RUBYMILLS,The Ruby Mills Limited
RUCHINFRA,Ruchi Infrastructure Limited
RUCHISOYA,Ruchi Soya Industries Limited
RUPA,Rupa & Company Limited
RUSHIL,Rushil Decor Limited
SABERORGAN,Sabero Organics Gujarat Limited
SABTN,Sri Adhikari Brothers Television Network Limited
SADBHAV,Sadbhav Engineering Limited
SAHPETRO,Sah Petroleums Limited
SAIL,Steel Authority of India Limited
SAKHTISUG,Sakthi Sugars Limited
SAKSOFT,Saksoft Limited
SAKUMA,Sakuma Exports Limited
SANDESH,The Sandesh Limited
SANGAMIND,Sangam (India) Limited
SANGHIIND,Sanghi Industries Limited
SANGHVIMOV,Sanghvi Movers Limited
SANOFI,Sanofi India Limited
SANWARIA,Sanwaria Agro Oils Limited
SARDAEN,Sarda Energy & Minerals Limited
SAREGAMA,Saregama India Limited
SASKEN,Sasken Communication Technologies Limited
SATHAISPAT,Sathavahana Ispat Limited
SAVERA,Savera Industries Limited
SBBJ,State Bank of Bikaner and Jaipur
SBIGETS,SBI Mutual Fund - SBI Gold Exchange Traded Scheme - Growth Option
SBIN,State Bank of India
SBT,State Bank of Travancore
SCHNEIDER,Schneider Electric Infrastructure Limited
SCI,Shipping Corporation Of India Limited
SEAMECLTD,Seamec Limited
SEINV,S.E. Investments Limited
SELAN,Selan Exploration Technology Limited
SELMCL,SEL Manufacturing Company Limited
SERVALL,Servalakshmi Paper Limited
SESHAPAPER,Seshasayee Paper and Boards Limited
SEZAL,Sezal Glass Limited
SFCL,Star Ferro and Cement Limited
SGJHL,SHREE GANESH JEWELLERY HOUSE (I) LIMITED
SHAKTIPUMP,Shakti Pumps (India) Limited
SHALPAINTS,Shalimar Paints Limited
SHANTIGEAR,Shanthi Gears Limited
SHARIABEES,Goldman Sachs S&P CNX Nifty Shariah Index Exchange Traded Scheme
SHARONBIO,Sharon Bio-Medicine Limited
SHARRESLTD,Sharyans Resources Limited
SHASUNPHAR,Shasun Pharmaceuticals Limited
SHILPAMED,Shilpa Medicare Limited
SHILPI,Shilpi Cable Technologies Limited
SHIRPUR-G,Shirpur Gold Refinery Limited
SHIVAMAUTO,Shivam Autotech Limited
SHOPERSTOP,Shoppers Stop Limited
SHREECEM,Shree Cements Limited
SHREERAMA,Shree Rama Multi-Tech Limited
SHRENUJ,Shrenuj & Company Limited
SHREYAS,Shreyas Shipping & Logistics Limited
SHRIRAMCIT,Shriram City Union Finance Limited
SHRIRAMEPC,Shriram EPC Limited
SICAGEN,Sicagen India Limited
SICAL,Sical Logistics Limited
SIEMENS,Siemens Limited
SIGNETIND,Signet Industries Limited
SIMBHSUGAR,Simbhaoli Sugars Limited
SIMPLEX,Simplex Projects Limited
SIMPLEXINF,Simplex Infrastructures Limited
SINTEX,Sintex Industries Limited
SIRPAPER,The Sirpur Paper Mills Limited
SITASHREE,Sita Shree Food Products Limited
SITICABLE,Siti Cable Network Limited
SIYSIL,Siyaram Silk Mills Limited
SJVN,SJVN Limited
SKFINDIA,SKF India Limited
SKMEGGPROD,SKM Egg Products Export (India) Limited
SKSMICRO,SKS Microfinance Limited
SMARTLINK,Smartlink Network Systems Limited
SMLISUZU,SML Isuzu Limited
SMOBILITY,S Mobility Limited
SMSPHARMA,SMS Pharmaceuticals Limited
SOBHA,Sobha Developers Limited
SOLARINDS,Solar Industries India Limited
SOMANYCERA,Somany Ceramics Limited
SONASTEER,Sona Koyo Steering Systems Limited
SONATSOFTW,Sonata Software Limited
SOTL,Savita Oil Technologies Limited
SOUTHBANK,The South Indian Bank Limited
SPARC,Sun Pharma Advanced Research Company Limited
SPECIALITY,Speciality Restaurants Limited
SPENTEX,Spentex Industries Limited
SPIC,Southern Petrochemicals Industries Corporation  Limited
SPYL,Shekhawati Poly-Yarn Limited
SREINFRA,SREI Infrastructure Finance Limited
SRF,SRF Limited
SRHHYPOLTD,Sree Rayalaseema Hi-Strength Hypo Limited
SRSLTD,SRS Limited
SRTRANSFIN,Shriram Transport Finance Company Limited
SSLT,Sesa Sterlite Limited
SSWL,Steel Strips Wheels Limited
STAR,Strides Arcolab Limited
STCINDIA,The State Trading Corporation of India Limited
STEL,Stel Holdings Limited
STERLINBIO,Sterling Biotech Limited
STOREONE,Store One Retail India Limited
STRTECH,Sterlite Technologies Limited
STYABS,Styrolution ABS (India) Limited
SUBROS,Subros Limited
SUDAR,Sudar Industries Limited
SUDARSCHEM,Sudarshan Chemical Industries Limited
SUJANATWR,Sujana Tower Limited
SUJANAUNI,Sujana Universal Industries Limited
SUMEETINDS,Sumeet Industries Limited
SUMMITSEC,Summit Securities Limited
SUNCLAYLTD,Sundaram Clayton Limited
SUNDARAM,Sundaram Multi Pap Limited
SUNDARMFIN,Sundaram Finance Limited
SUNDRMBRAK,Sundaram Brake Linings Limited
SUNDRMFAST,Sundram Fasteners Limited
SUNFLAG,Sunflag Iron And Steel Company Limited
SUNILHITEC,Sunil Hitech Engineers Limited
SUNPHARMA,Sun Pharmaceuticals Industries Limited
SUNTECK,Sunteck Realty Limited
SUNTV,Sun TV Network Limited
SUPER,Super Sales India Limited
SUPERSPIN,Super Spinning Mills Limited
SUPPETRO,Supreme Petrochem Limited
SUPRAJIT,Suprajit Engineering Limited
SUPREMEIND,Supreme Industries Limited
SUPREMEINF,Supreme Infrastructure India Limited
SURANAT%26P,Surana Telecom and Power Limited
SURYAJYOTI,Suryajyoti Spinning Mills Limited
SURYALAXMI,Suryalakshmi Cotton Mills Limited
SURYAROSNI,Surya Roshni Limited
SUVEN,Suven Life Sciences Limited
SUZLON,Suzlon Energy Limited
SWANENERGY,Swan Energy Limited
SWARAJENG,Swaraj Engines Limited
SWELECTES,Swelect Energy Systems Limited
SYMPHONY,Symphony Limited
SYNCOM,Syncom Healthcare Limited
SYNDIBANK,Syndicate Bank
TAJGVK,Taj GVK Hotels & Resorts Limited
TAKE,Take Solutions Limited
TALBROAUTO,Talbros Automotive Components Limited
TALWALKARS,Talwalkars Better Value Fitness Limited
TANFACIND,Tanfac Industries Limited
TANTIACONS,Tantia Constructions Limited
TARAJEWELS,Tara Jewels Limited
TATACHEM,Tata Chemicals Limited
TATACOFFEE,Tata Coffee Limited
TATACOMM,Tata Communications Limited
TATAELXSI,Tata Elxsi Limited
TATAGLOBAL,Tata Global Beverages Limited
TATAINVEST,Tata Investment Corporation Limited
TATAMOTORS,Tata Motors Limited
TATAMTRDVR,Tata Motors Limited
TATAPOWER,Tata Power Company Limited
TATASPONGE,Tata Sponge Iron Limited
TATASTEEL,Tata Steel Limited
TBZ,Tribhovandas Bhimji Zaveri Limited
TCI,Transport Corporation of India Limited
TCS,Tata Consultancy Services Limited
TDPOWERSYS,TD Power Systems Limited
TECHM,Tech Mahindra Limited
TECHNO,Techno Electric & Engineering Company Limited
TECHNOFAB,Technofab Engineering Limited
TEXINFRA,Texmaco Infrastructure & Holdings Limited
TEXMOPIPES,Texmo Pipes and Products Limited
TEXRAIL,Texmaco Rail & Engineering Limited
TFCILTD,Tourism Finance Corporation of India Limited
TGBHOTELS,TGB BANQUETS AND HOTELS LIMITED
THANGAMAYL,Thangamayil Jewellery Limited
THEBYKE,The Byke Hospitality Limited
THEMISMED,Themis Medicare Limited
THERMAX,Thermax Limited
THINKSOFT,Thinksoft Global Services Limited
THIRUSUGAR,Thiru Arooran Sugars Limited
THOMASCOOK,Thomas Cook  (India)  Limited
TI,Tilaknagar Industries Limited
TIDEWATER,Tide Water Oil Company (India) Limited
TIIL,Technocraft Industries (India) Limited
TIJARIA,Tijaria Polypipes Limited
TIL,TIL Limited
TIMBOR,Timbor Home Limited
TIMETECHNO,Time Technoplast Limited
TIMKEN,Timken India Limited
TINPLATE,The Tinplate Company of India Limited
TIPSINDLTD,TIPS Industries Limited
TIRUMALCHM,Thirumalai Chemicals Limited
TITAN,Titan Industries Limited
TNPETRO,Tamilnadu PetroProducts Limited
TNPL,Tamil Nadu Newsprint & Papers Limited
TORNTPHARM,Torrent Pharmaceuticals Limited
TORNTPOWER,Torrent Power Limited
TREEHOUSE,Tree House Education & Accessories Limited
TRENT,Trent Limited
TRF,TRF Limited
TRIDENT,Trident Limited
TRIGYN,Trigyn Technologies Limited
TRIL,Transformers And Rectifiers (India) Limited
TRITURBINE,Triveni Turbine Limited
TRIVENI,Triveni Engineering & Industries Limited
TTKHEALTH,TTK Healthcare Limited
TTKPRESTIG,TTK Prestige Limited
TTL,T T Limited
TTML,Tata Teleservices (Maharashtra) Limited
TUBEINVEST,Tube Investments of India Limited
TULIP,Tulip Telecom Limited
TULSI,Tulsi Extrusions Limited
TV18BRDCST,TV18 Broadcast Limited
TVSELECT,TVS Electronics Limited
TVSMOTOR,TVS Motor Company Limited
TVSSRICHAK,TVS Srichakra Limited
TVTODAY,TV Today Network Limited
TWL,Titagarh Wagons Limited
UBENGG,UB Engineering Limited
UBHOLDINGS,United Breweries (Holdings) Limited
UBL,United Breweries Limited
UCALFUEL,Ucal Fuel Systems Limited
UCOBANK,UCO Bank
UFLEX,UFLEX Limited
UGARSUGAR,The Ugar Sugar Works Limited
UJAAS,Ujaas Energy Limited
ULTRACEMCO,UltraTech Cement Limited
UNICHEMLAB,Unichem Laboratories Limited
UNIENTER,Uniphos Enterprises Limited
UNIONBANK,Union Bank of India
UNITECH,Unitech Limited
UNITEDBNK,United Bank of India
UNITY,Unity Infraprojects Limited
UPERGANGES,Upper Ganges Sugar & Industries Limited
UPL,UPL Limited
USHAMART,Usha Martin Limited
USHERAGRO,Usher Agro Limited
UTTAMSTL,Uttam Galva Steels Limited
UTTAMVALUE,Uttam Value Steels Limited
VADILALIND,Vadilal Industries Limited
VAIBHAVGBL,Vaibhav Global Limited
VAKRANSOFT,Vakrangee Softwares Limited
VALECHAENG,Valecha Engineering Limited
VALUEIND,Value Industries Limited
VARDHACRLC,Vardhman Acrylics Limited
VARDMNPOLY,Vardhman Polytex Limited
VARUN,Varun Industries Limited
VARUNSHIP,Varun Shipping Company Limited
VASCONEQ,Vascon Engineers Limited
VENKEYS,Venky's (India) Limited
VENUSREM,Venus Remedies Limited
VESUVIUS,Vesuvius India Limited
VGUARD,V-Guard Industries Limited
VHL,Vardhman Holdings Limited
VICEROY,Viceroy Hotels Limited
VIDEOIND,Videocon Industries Limited
VIJAYABANK,Vijaya Bank
VIJSHAN,Vijay Shanthi Builders Limited
VIKASGLOB,Vikas GlobalOne Limited
VIMALOIL,Vimal Oil & Foods Limited
VIMTALABS,Vimta Labs Limited
VINATIORGA,Vinati Organics Limited
VINDHYATEL,Vindhya Telelinks Limited
VINYLINDIA,Vinyl Chemicals (India) Limited
VIPIND,VIP Industries Limited
VISAKAIND,Visaka Industries Limited
VISASTEEL,Visa Steel Limited
VISESHINFO,Visesh Infotecnics Limited
VISUINTL,Visu International Limited
VIVIMEDLAB,Vivimed Labs Limited
VKSPL,VKS Projects Limited
VLSFINANCE,VLS Finance Limited
VOLTAMP,Voltamp Transformers Limited
VOLTAS,Voltas Limited
VSSL,Vardhman Special Steels Limited
VSTIND,VST Industries Limited
VSTTILLERS,V.S.T Tillers Tractors Limited
VTL,Vardhman Textiles Limited
WABAG,VA Tech Wabag Limited
WABCOINDIA,WABCO India Limited
WALCHANNAG,Walchandnagar Industries Limited
WEIZMANIND,Weizmann Limited
WELCORP,Welspun Corp Limited
WELINV,Welspun Investments and Commercials Limited
WELPROJ,Welspun Projects Limited
WELSPUNIND,Welspun India Limited
WHEELS,Wheels India Limited
WHIRLPOOL,Whirlpool of India Limited
WINDMACHIN,Windsor Machines Limited
WINSOME,Winsome Yarns Limited
WINSOMEDJ,Winsome Diamonds and Jewellery Limited
WIPRO,Wipro Limited
WOCKPHARMA,Wockhardt Limited
WSI,W S Industries (I) Limited
WSTCSTPAPR,West Coast Paper Mills Limited
WYETH,Wyeth Limited
XLENERGY,XL Energy Limited
XPROINDIA,Xpro India Limited
YESBANK,Yes Bank Limited
ZANDUREALT,Zandu Realty Limited
ZEEL,Zee Entertainment Enterprises Limited
ZEELEARN,Zee Learn Limited
ZEEMEDIA,Zee Media Corporation Limited
ZENITHCOMP,Zenith Computers Limited
ZENSARTECH,Zensar Technologies Limited
ZICOM,Zicom Electronic Security Systems Limited
ZODIACLOTH,Zodiac Clothing Company Limited
ZUARI,Zuari Agro Chemicals Limited
ZUARIGLOB,ZUARI GLOBAL LIMITED
ZYDUSWELL,Zydus Wellness Limited
ZYLOG,Zylog Systems Limited
