SYMBOL,SERIES
3IINFOTECH,BE
ABCIL,BE
ACROPETAL,BE
ADHUNIK,BE
ADSL,BE
AFTEK,BE
AHLUCONT,BE
ALPHAGEO,BE
AMAR,BE
ANIKINDS,BE
APLAB,BE
ARSSINFRA,BE
ASIANELEC,BE
AUSTRAL,BE
BARTRONICS,BE
BEPL,BE
BHARTISHIP,BE
BINDALAGRO,BE
BIRLACOT,BE
BIRLAMONEY,BE
BIRLAPOWER,BE
BRANDHOUSE,BE
BSELINFRA,BE
CEREBRAINT,BE
CHROMATIC,BE
CLUTCHAUTO,BE
DRDATSONS,BE
DYNATECH,BE
EKC,BE
ESSARSHPNG,BE
ESTER,BE
EXCELCROP,BE
FARMAXIND,BE
FCSSOFT,BE
FMNL,BE
FOURSOFT,BE
GAMMONIND,BE
GARDENSILK,BE
GEMINI,BE
GEODESIC,BE
GINNIFILA,BE
GKB,BE
GLODYNE,BE
GOKEX,BE
GOLDENTOBC,BE
GREENFIRE,BE
HANUNG,BE
HINDOILEXP,BE
HOVS,BE
IBWSL,BE
ICIL,BE
ICSA,BE
INDBANK,BE
INDOSOLAR,BE
INDSWFTLAB,BE
INDSWFTLTD,BE
INFODRIVE,BE
INVENTURE,BE
JCTEL,BE
JIKIND,BE
JPOLYINVST,BE
KGL,BE
KIRIINDUS,BE
KLGSYSTEL,BE
KOPDRUGS,BE
KOVAI,BE
LAKSHMIFIN,BE
LOTUSEYE,BE
MARG,BE
MEGASOFT,BE
MELSTAR,BE
MERCATOR,BE
MIC,BE
MICROTECH,BE
MIRCELECTR,BE
MOREPENLAB,BE
MUKANDLTD,BE
MUKTAARTS,BE
MVL,BE
NEHAINT,BE
NGCT,BE
NITCO,BE
NITESHEST,BE
PARABDRUGS,BE
PARASPETRO,BE
PBAINFRA,BE
PETRONENGG,BE
PILANIINV,BE
PIRPHYTO,BE
PNC,BE
PRADIP,BE
PRESSMN,BE
PROZONECSC,BE
PUNJABCHEM,BE
RAJOIL,BE
RAMKY,BE
RBN,BE
REFEX,BE
REISIXTEN,BE
RMMIL,BE
SALSTEEL,BE
SAMTEL,BE
SANGHVIFOR,BE
SHIV-VANI,BE
SHLAKSHMI,BE
SHREEASHTA,BE
SHYAMTEL,BE
SKUMARSYNF,BE
SMPL,BE
SOUISPAT,BE
SPLIL,BE
SPMLINFRA,BE
SRGINFOTEC,BE
SUBEX,BE
SURYAPHARM,BE
TANLA,BE
TARAPUR,BE
TATAMETALI,BE
TCIDEVELOP,BE
TCPLTD,BE
TECPRO,BE
TNTELE,BE
TOKYOPLAST,BE
TRICOM,BE
TWILITAKA,BE
UTTAMSUGAR,BE
V2RETAIL,BE
VMART,BE
WANBURY,BE
WEBELSOLAR,BE
WILLAMAGOR,BE
XCHANGING,BE
ZENITHBIR,BE
ZENITHINFO,BE
JAICORPLTD,BL
STAN,DR
20MICRONS,EQ
3MINDIA,EQ
A2ZMES,EQ
AARTIDRUGS,EQ
AARTIIND,EQ
AARVEEDEN,EQ
ABAN,EQ
ABB,EQ
ABBOTINDIA,EQ
ABGSHIP,EQ
ABIRLANUVO,EQ
ACC,EQ
ACCELYA,EQ
ACE,EQ
ADANIENT,EQ
ADANIPORTS,EQ
ADANIPOWER,EQ
ADFFOODS,EQ
ADORWELD,EQ
ADVANIHOTR,EQ
ADVANTA,EQ
AEGISCHEM,EQ
AFL,EQ
AGCNET,EQ
AGRODUTCH,EQ
AHLEAST,EQ
AHLWEST,EQ
AHMEDFORGE,EQ
AIAENG,EQ
AIL,EQ
AJANTPHARM,EQ
AJMERA,EQ
AKSHOPTFBR,EQ
AKZOINDIA,EQ
ALBK,EQ
ALCHEM,EQ
ALEMBICLTD,EQ
ALKALI,EQ
ALKYLAMINE,EQ
ALLCARGO,EQ
ALOKTEXT,EQ
ALPSINDUS,EQ
ALSTOMT&D,EQ
AMARAJABAT,EQ
AMARJOTHI,EQ
AMBUJACEM,EQ
AMDIND,EQ
AMRUTANJAN,EQ
AMTEKAUTO,EQ
AMTEKINDIA,EQ
AMTL,EQ
ANANTRAJ,EQ
ANDHRABANK,EQ
ANDHRACEMT,EQ
ANDHRSUGAR,EQ
ANKITMETAL,EQ
ANSALAPI,EQ
ANSALHSG,EQ
ANTGRAPHIC,EQ
APARINDS,EQ
APCOTEXIND,EQ
APLAPOLLO,EQ
APLLTD,EQ
APOLLOHOSP,EQ
APOLLOTYRE,EQ
APPAPER,EQ
APTECHT,EQ
AQUA,EQ
ARCHIDPLY,EQ
ARCHIES,EQ
ARIES,EQ
ARROWTEX,EQ
ARSHIYA,EQ
ARVIND,EQ
ARVINDREM,EQ
ASAHIINDIA,EQ
ASAHISONG,EQ
ASAL,EQ
ASHAPURMIN,EQ
ASHIANA,EQ
ASHIMASYN,EQ
ASHOKA,EQ
ASHOKLEY,EQ
ASIANHOTNR,EQ
ASIANPAINT,EQ
ASIANTILES,EQ
ASSAMCO,EQ
ASTEC,EQ
ASTRAL,EQ
ASTRAMICRO,EQ
ASTRAZEN,EQ
ATFL,EQ
ATLANTA,EQ
ATLASCYCLE,EQ
ATUL,EQ
ATULAUTO,EQ
AURIONPRO,EQ
AUROPHARMA,EQ
AUTOAXLES,EQ
AUTOIND,EQ
AVANTI,EQ
AVTNPL,EQ
AXIS-IT&T,EQ
AXISBANK,EQ
AXISGOLD,EQ
BAFNAPHARM,EQ
BAGFILMS,EQ
BAJAJ-AUTO,EQ
BAJAJCORP,EQ
BAJAJELEC,EQ
BAJAJFINSV,EQ
BAJAJHIND,EQ
BAJAJHLDNG,EQ
BAJFINANCE,EQ
BALAJITELE,EQ
BALAMINES,EQ
BALKRISIND,EQ
BALLARPUR,EQ
BALMLAWRIE,EQ
BALPHARMA,EQ
BALRAMCHIN,EQ
BANCOINDIA,EQ
BANKBARODA,EQ
BANKBEES,EQ
BANKINDIA,EQ
BASF,EQ
BASML,EQ
BATAINDIA,EQ
BAYERCROP,EQ
BBL,EQ
BBTC,EQ
BECREL,EQ
BEDMUTHA,EQ
BEL,EQ
BEML,EQ
BERGEPAINT,EQ
BFINVEST,EQ
BFUTILITIE,EQ
BGLOBAL,EQ
BGRENERGY,EQ
BHAGYNAGAR,EQ
BHARATFORG,EQ
BHARATGEAR,EQ
BHARATRAS,EQ
BHARTIARTL,EQ
BHEL,EQ
BHUSANSTL,EQ
BIL,EQ
BILPOWER,EQ
BIMETAL,EQ
BINANIIND,EQ
BIOCON,EQ
BIRLACORPN,EQ
BLISSGVS,EQ
BLKASHYAP,EQ
BLUEDART,EQ
BLUESTARCO,EQ
BLUESTINFO,EQ
BOMDYEING,EQ
BOSCHLTD,EQ
BPCL,EQ
BPL,EQ
BRFL,EQ
BRIGADE,EQ
BRITANNIA,EQ
BROOKS,EQ
BSL,EQ
BSLGOLDETF,EQ
BSLIMITED,EQ
BSLNIFTY,EQ
BURNPUR,EQ
CADILAHC,EQ
CAIRN,EQ
CANBK,EQ
CANDC,EQ
CANFINHOME,EQ
CANTABIL,EQ
CAPF,EQ
CARBORUNIV,EQ
CAREERP,EQ
CARERATING,EQ
CASTROL,EQ
CCCL,EQ
CCL,EQ
CEATLTD,EQ
CEBBCO,EQ
CELEBRITY,EQ
CELESTIAL,EQ
CENTENKA,EQ
CENTRALBK,EQ
CENTUM,EQ
CENTURYPLY,EQ
CENTURYTEX,EQ
CERA,EQ
CESC,EQ
CGCL,EQ
CHAMBLFERT,EQ
CHEMFALKAL,EQ
CHENNPETRO,EQ
CHOLAFIN,EQ
CILNOVA,EQ
CIMMCO,EQ
CINELINE,EQ
CINEMAXIN,EQ
CIPLA,EQ
CLNINDIA,EQ
CMAHENDRA,EQ
CMC,EQ
COALINDIA,EQ
COLPAL,EQ
COMPUAGE,EQ
COMPUSOFT,EQ
CONCOR,EQ
CONSOFINVT,EQ
CORDSCABLE,EQ
COREEDUTEC,EQ
COROMANDEL,EQ
CORPBANK,EQ
COSMOFILMS,EQ
COX&KINGS,EQ
CRESTANI,EQ
CRISIL,EQ
CROMPGREAV,EQ
CTE,EQ
CUB,EQ
CUMMINSIND,EQ
CYBERTECH,EQ
DAAWAT,EQ
DABUR,EQ
DALMIABHA,EQ
DALMIASUG,EQ
DATAMATICS,EQ
DBCORP,EQ
DBREALTY,EQ
DBSTOCKBRO,EQ
DCB,EQ
DCM,EQ
DCMSRMCONS,EQ
DCW,EQ
DECCANCE,EQ
DEEPAKFERT,EQ
DEEPAKNTR,EQ
DEEPIND,EQ
DELTACORP,EQ
DEN,EQ
DENABANK,EQ
DHAMPURSUG,EQ
DHANBANK,EQ
DHANUKA,EQ
DHARSUGAR,EQ
DHFL,EQ
DIAPOWER,EQ
DICIND,EQ
DIGJAM,EQ
DISHMAN,EQ
DISHTV,EQ
DIVISLAB,EQ
DLF,EQ
DLINKINDIA,EQ
DOLPHINOFF,EQ
DPSCLTD,EQ
DPTL,EQ
DQE,EQ
DREDGECORP,EQ
DRREDDY,EQ
DSKULKARNI,EQ
DUNCANSLTD,EQ
DWARKESH,EQ
EASTSILK,EQ
EASUNREYRL,EQ
ECEIND,EQ
ECLERX,EQ
EDELWEISS,EQ
EDL,EQ
EDSERV,EQ
EDUCOMP,EQ
EICHERMOT,EQ
EIDPARRY,EQ
EIHAHOTELS,EQ
EIHOTEL,EQ
EIMCOELECO,EQ
ELDERPHARM,EQ
ELECON,EQ
ELECTCAST,EQ
ELECTHERM,EQ
ELGIEQUIP,EQ
ELGIRUBCO,EQ
ELNET,EQ
EMAMIINFRA,EQ
EMAMILTD,EQ
EMCO,EQ
EMKAY,EQ
EMMBI,EQ
EMPEESUG,EQ
ENERGYDEV,EQ
ENGINERSIN,EQ
ENIL,EQ
EON,EQ
ERAINFRA,EQ
EROSMEDIA,EQ
ESABINDIA,EQ
ESCORTS,EQ
ESL,EQ
ESSAROIL,EQ
ESSARPORTS,EQ
ESSDEE,EQ
ESSELPACK,EQ
EUROTEXIND,EQ
EVEREADY,EQ
EVERESTIND,EQ
EVERONN,EQ
EXCELINDUS,EQ
EXCELINFO,EQ
EXIDEIND,EQ
FACT,EQ
FAGBEARING,EQ
FCEL,EQ
FDC,EQ
FEDDERLOYD,EQ
FEDERALBNK,EQ
FIEMIND,EQ
FINANTECH,EQ
FINCABLES,EQ
FINPIPE,EQ
FIRSTLEASE,EQ
FKONCO,EQ
FLEXITUFF,EQ
FLFL,EQ
FMGOETZE,EQ
FORTIS,EQ
FOSECOIND,EQ
FRL,EQ
FRLDVR,EQ
FSL,EQ
GABRIEL,EQ
GAEL,EQ
GAIL,EQ
GAL,EQ
GALLANTT,EQ
GALLISPAT,EQ
GAMMNINFRA,EQ
GANDHITUBE,EQ
GANESHHOUC,EQ
GARWALLROP,EQ
GATI,EQ
GAYAPROJ,EQ
GDL,EQ
GEECEE,EQ
GEINDSYS,EQ
GENESYS,EQ
GENUSPOWER,EQ
GEOJITBNPP,EQ
GEOMETRIC,EQ
GESHIP,EQ
GHCL,EQ
GICHSGFIN,EQ
GILLANDERS,EQ
GILLETTE,EQ
GIPCL,EQ
GITANJALI,EQ
GKWLIMITED,EQ
GLAXO,EQ
GLENMARK,EQ
GLOBOFFS,EQ
GLOBUSSPR,EQ
GLORY,EQ
GMBREW,EQ
GMDCLTD,EQ
GMRINFRA,EQ
GNFC,EQ
GOACARBON,EQ
GODFRYPHLP,EQ
GODREJCP,EQ
GODREJIND,EQ
GODREJPROP,EQ
GOENKA,EQ
GOKUL,EQ
GOLDBEES,EQ
GOLDIAM,EQ
GOLDINFRA,EQ
GOLDSHARE,EQ
GOLDTECH,EQ
GPIL,EQ
GPPL,EQ
GRANULES,EQ
GRAPHITE,EQ
GRASIM,EQ
GRAVITA,EQ
GREAVESCOT,EQ
GREENPLY,EQ
GREENPOWER,EQ
GRINDWELL,EQ
GRUH,EQ
GSCLCEMENT,EQ
GSFC,EQ
GSKCONS,EQ
GSPL,EQ
GSS,EQ
GTL,EQ
GTLINFRA,EQ
GTNIND,EQ
GTNTEX,EQ
GTOFFSHORE,EQ
GUFICBIO,EQ
GUJALKALI,EQ
GUJAPOLLO,EQ
GUJFLUORO,EQ
GUJNRECOKE,EQ
GUJNREDVR,EQ
GUJRATGAS,EQ
GULFOILCOR,EQ
GVKPIL,EQ
HARITASEAT,EQ
HARRMALAYA,EQ
HATHWAY,EQ
HAVELLS,EQ
HBLPOWER,EQ
HCC,EQ
HCIL,EQ
HCL-INSYS,EQ
HCLTECH,EQ
HDFC,EQ
HDFCBANK,EQ
HDFCMFGETF,EQ
HDIL,EQ
HEG,EQ
HEIDELBERG,EQ
HELIOSMATH,EQ
HERCULES,EQ
HERITGFOOD,EQ
HEROMOTOCO,EQ
HEXATRADEX,EQ
HEXAWARE,EQ
HFCL,EQ
HGS,EQ
HIKAL,EQ
HIL,EQ
HIMATSEIDE,EQ
HINDALCO,EQ
HINDCOMPOS,EQ
HINDCOPPER,EQ
HINDDORROL,EQ
HINDMOTORS,EQ
HINDPETRO,EQ
HINDUJAVEN,EQ
HINDUNILVR,EQ
HINDZINC,EQ
HIRAFERRO,EQ
HIRECT,EQ
HITACHIHOM,EQ
HITECHGEAR,EQ
HITECHPLAS,EQ
HMT,EQ
HMVL,EQ
HNGSNGBEES,EQ
HOCL,EQ
HONAUT,EQ
HONDAPOWER,EQ
HORIZONINF,EQ
HOTELEELA,EQ
HOTELRUGBY,EQ
HSIL,EQ
HTMEDIA,EQ
HUBTOWN,EQ
HYDROS&S,EQ
IBIPL,EQ
IBPOW,EQ
IBREALEST,EQ
IBSEC,EQ
IBULHSGFIN,EQ
ICICIBANK,EQ
ICRA,EQ
IDBI,EQ
IDBIGOLD,EQ
IDEA,EQ
IDFC,EQ
IFBAGRO,EQ
IFBIND,EQ
IFCI,EQ
IFGLREFRAC,EQ
IGARASHI,EQ
IGL,EQ
IGPL,EQ
IIFLNIFTY,EQ
IL&FSENGG,EQ
IL&FSTRANS,EQ
IMFA,EQ
IMPAL,EQ
IMPEXFERRO,EQ
INDHOTEL,EQ
INDIACEM,EQ
INDIAGLYCO,EQ
INDIAINFO,EQ
INDIANB,EQ
INDIANCARD,EQ
INDIANHUME,EQ
INDNIPPON,EQ
INDOCO,EQ
INDORAMA,EQ
INDOTECH,EQ
INDOTHAI,EQ
INDOWIND,EQ
INDRAMEDCO,EQ
INDUSFILA,EQ
INDUSINDBK,EQ
INFINITE,EQ
INFOTECENT,EQ
INFRABEES,EQ
INFRATEL,EQ
INFY,EQ
INGERRAND,EQ
INGVYSYABK,EQ
INNOIND,EQ
INOXLEISUR,EQ
INSECTICID,EQ
INTEGRA,EQ
IOB,EQ
IOC,EQ
IPCALAB,EQ
IPGETF,EQ
IRB,EQ
ISFT,EQ
ISMTLTD,EQ
ITC,EQ
ITDCEM,EQ
ITI,EQ
IVC,EQ
IVRCLINFRA,EQ
J&KBANK,EQ
JAGRAN,EQ
JAGSNPHARM,EQ
JAIBALAJI,EQ
JAICORPLTD,EQ
JAMNAAUTO,EQ
JAYAGROGN,EQ
JAYBARMARU,EQ
JAYNECOIND,EQ
JAYSREETEA,EQ
JBCHEPHARM,EQ
JBFIND,EQ
JENSONICOL,EQ
JETAIRWAYS,EQ
JHS,EQ
JINDALPHOT,EQ
JINDALPOLY,EQ
JINDALSAW,EQ
JINDALSTEL,EQ
JINDCOT,EQ
JINDRILL,EQ
JINDWORLD,EQ
JISLDVREQS,EQ
JISLJALEQS,EQ
JKCEMENT,EQ
JKIL,EQ
JKLAKSHMI,EQ
JKPAPER,EQ
JKTYRE,EQ
JMCPROJECT,EQ
JMFINANCIL,EQ
JMTAUTOLTD,EQ
JOCIL,EQ
JPASSOCIAT,EQ
JPINFRATEC,EQ
JPPOWER,EQ
JSL,EQ
JSWENERGY,EQ
JSWHL,EQ
JSWSTEEL,EQ
JUBILANT,EQ
JUBLFOOD,EQ
JUBLINDS,EQ
JUNIORBEES,EQ
JUSTDIAL,EQ
JVLAGRO,EQ
JYOTHYLAB,EQ
JYOTISTRUC,EQ
KABRAEXTRU,EQ
KAJARIACER,EQ
KAKATCEM,EQ
KALINDEE,EQ
KALPATPOWR,EQ
KAMATHOTEL,EQ
KANANIIND,EQ
KANORICHEM,EQ
KANSAINER,EQ
KARMAENG,EQ
KARURVYSYA,EQ
KAUSHALYA,EQ
KAVVERITEL,EQ
KBIL,EQ
KCP,EQ
KCPSUGIND,EQ
KEC,EQ
KECL,EQ
KEI,EQ
KEMROCK,EQ
KERNEX,EQ
KESARENT,EQ
KESORAMIND,EQ
KFA,EQ
KICL,EQ
KIL,EQ
KILITCH,EQ
KIRLOSBROS,EQ
KIRLOSENG,EQ
KIRLOSIND,EQ
KITEX,EQ
KKCL,EQ
KMSUGAR,EQ
KNRCON,EQ
KOHINOOR,EQ
KOKUYOCMLN,EQ
KOLTEPATIL,EQ
KOPRAN,EQ
KOTAKBANK,EQ
KOTAKGOLD,EQ
KOTAKNIFTY,EQ
KOTAKPSUBK,EQ
KOTARISUG,EQ
KOTHARIPET,EQ
KOTHARIPRO,EQ
KPIT,EQ
KPRMILL,EQ
KRBL,EQ
KRITIIND,EQ
KSBPUMPS,EQ
KSCL,EQ
KSE,EQ
KSERASERA,EQ
KSK,EQ
KSL,EQ
KTKBANK,EQ
KWALITY,EQ
L&TFH,EQ
LAKSHMIEFL,EQ
LAKSHMIMIL,EQ
LAKSHVILAS,EQ
LANCOIN,EQ
LAOPALA,EQ
LAXMIMACH,EQ
LGBBROSLTD,EQ
LGBFORGE,EQ
LIBERTSHOE,EQ
LICHSGFIN,EQ
LINDEINDIA,EQ
LIQUIDBEES,EQ
LITL,EQ
LLOYDELENG,EQ
LML,EQ
LOKESHMACH,EQ
LOVABLE,EQ
LT,EQ
LUMAXAUTO,EQ
LUMAXIND,EQ
LUMAXTECH,EQ
LUPIN,EQ
LYKALABS,EQ
LYPSAGEMS,EQ
M&M,EQ
M&MFIN,EQ
M100,EQ
M50,EQ
MAANALU,EQ
MADHAV,EQ
MADHUCON,EQ
MADRASFERT,EQ
MAGMA,EQ
MAGNUM,EQ
MAHABANK,EQ
MAHINDFORG,EQ
MAHINDUGIN,EQ
MAHLIFE,EQ
MAHSCOOTER,EQ
MAHSEAMLES,EQ
MANAKSIA,EQ
MANALIPETC,EQ
MANAPPURAM,EQ
MANDHANA,EQ
MANGCHEFER,EQ
MANGLMCEM,EQ
MANINDS,EQ
MANINFRA,EQ
MANJEERA,EQ
MANJUSHREE,EQ
MARALOVER,EQ
MARICO,EQ
MARKSANS,EQ
MARUTI,EQ
MASTEK,EQ
MAWANASUG,EQ
MAX,EQ
MAXWELL,EQ
MAYURUNIQ,EQ
MBECL,EQ
MBLINFRA,EQ
MCDHOLDING,EQ
MCDOWELL-N,EQ
MCLEODRUSS,EQ
MCX,EQ
MEGH,EQ
MERCK,EQ
METKORE,EQ
MGOLD,EQ
MHRIL,EQ
MICROSEC,EQ
MINDACORP,EQ
MINDAIND,EQ
MINDTREE,EQ
MIRZAINT,EQ
MMFL,EQ
MMTC,EQ
MOHITIND,EQ
MOIL,EQ
MONNETISPA,EQ
MONSANTO,EQ
MORARJEE,EQ
MOSERBAER,EQ
MOTHERSUMI,EQ
MOTILALOFS,EQ
MOTOGENFIN,EQ
MPHASIS,EQ
MPSLTD,EQ
MRF,EQ
MRO-TEK,EQ
MRPL,EQ
MSPL,EQ
MTEDUCARE,EQ
MTNL,EQ
MUKANDENGG,EQ
MUNJALAU,EQ
MUNJALSHOW,EQ
MURUDCERA,EQ
MUTHOOTFIN,EQ
MYSOREBANK,EQ
N100,EQ
NAGAROIL,EQ
NAGREEKCAP,EQ
NAGREEKEXP,EQ
NAHARCAP,EQ
NAHARINDUS,EQ
NAHARSPING,EQ
NAKODA,EQ
NANDANEXIM,EQ
NATCOPHARM,EQ
NATHSEED,EQ
NATIONALUM,EQ
NATNLSTEEL,EQ
NAUKRI,EQ
NAVINFLUOR,EQ
NAVNETEDUL,EQ
NBCC,EQ
NBVENTURES,EQ
NCC,EQ
NCLIND,EQ
NCOPPER,EQ
NDTV,EQ
NECLIFE,EQ
NELCAST,EQ
NELCO,EQ
NEOCORP,EQ
NEPCMICON,EQ
NESCO,EQ
NESTLEIND,EQ
NET4,EQ
NETWORK18,EQ
NEULANDLAB,EQ
NEXTMEDIA,EQ
NEYVELILIG,EQ
NFL,EQ
NHPC,EQ
NIBL,EQ
NICCO,EQ
NIFETF,EQ
NIFTYBEES,EQ
NIITLTD,EQ
NIITTECH,EQ
NILKAMAL,EQ
NIPPOBATRY,EQ
NITINFIRE,EQ
NITINSPIN,EQ
NMDC,EQ
NOCIL,EQ
NOIDATOLL,EQ
NOL,EQ
NORBTEAEXP,EQ
NOVOPANIND,EQ
NRBBEARING,EQ
NSIL,EQ
NTPC,EQ
NUCLEUS,EQ
NUTEK,EQ
OBEROIRLTY,EQ
OCL,EQ
OFSS,EQ
OIL,EQ
OILCOUNTUB,EQ
OISL,EQ
OMAXAUTO,EQ
OMAXE,EQ
OMKARCHEM,EQ
OMMETALS,EQ
OMNITECH,EQ
ONELIFECAP,EQ
ONGC,EQ
ONMOBILE,EQ
ONWARDTEC,EQ
OPTOCIRCUI,EQ
ORBITCORP,EQ
ORBTEXP,EQ
ORCHIDCHEM,EQ
ORIENTABRA,EQ
ORIENTBANK,EQ
ORIENTBELL,EQ
ORIENTCEM,EQ
ORIENTHOT,EQ
ORIENTPPR,EQ
ORIENTREF,EQ
ORISSAMINE,EQ
OUDHSUG,EQ
PAGEIND,EQ
PANACEABIO,EQ
PANAMAPET,EQ
PANASONIC,EQ
PANCARBON,EQ
PANORAMUNI,EQ
PAPERPROD,EQ
PARACABLES,EQ
PARAL,EQ
PARRYSUGAR,EQ
PARSVNATH,EQ
PATELENG,EQ
PATINTLOG,EQ
PATSPINLTD,EQ
PCJEWELLER,EQ
PDPL,EQ
PDUMJEIND,EQ
PDUMJEPULP,EQ
PEL,EQ
PENIND,EQ
PENINLAND,EQ
PERIATEA,EQ
PERSISTENT,EQ
PETRONET,EQ
PFC,EQ
PFIZER,EQ
PFOCUS,EQ
PFRL,EQ
PFS,EQ
PGEL,EQ
PGHH,EQ
PGIL,EQ
PHILIPCARB,EQ
PHOENIXLL,EQ
PHOENIXLTD,EQ
PIDILITIND,EQ
PIIND,EQ
PILIND,EQ
PIPAVAVDOC,EQ
PIRGLASS,EQ
PITTILAM,EQ
PLETHICO,EQ
PNB,EQ
PNBGILTS,EQ
POCHIRAJU,EQ
POLARIS,EQ
POLYMED,EQ
POLYPLEX,EQ
PONDYOXIDE,EQ
PONNIERODE,EQ
POWERGRID,EQ
PPAP,EQ
PRAENG,EQ
PRAJIND,EQ
PRAKASH,EQ
PRAKASHCON,EQ
PRAKASHSTL,EQ
PRATIBHA,EQ
PRECOT,EQ
PRECWIRE,EQ
PREMIER,EQ
PRESTIGE,EQ
PRICOL,EQ
PRISMCEM,EQ
PROVOGE,EQ
PSB,EQ
PSL,EQ
PSUBNKBEES,EQ
PTC,EQ
PTL,EQ
PUNJLLOYD,EQ
PURVA,EQ
PVP,EQ
PVR,EQ
QGOLDHALF,EQ
QNIFTY,EQ
RADICO,EQ
RAIN,EQ
RAINBOWPAP,EQ
RAJESHEXPO,EQ
RAJPALAYAM,EQ
RAJRAYON,EQ
RAJSREESUG,EQ
RAJTV,EQ
RALLIS,EQ
RAMANEWS,EQ
RAMCOCEM,EQ
RAMCOIND,EQ
RAMCOSYS,EQ
RAMSARUP,EQ
RANASUG,EQ
RANBAXY,EQ
RANEENGINE,EQ
RANEHOLDIN,EQ
RANKLIN,EQ
RASOYPR,EQ
RATNAMANI,EQ
RAYMOND,EQ
RCF,EQ
RCOM,EQ
RECLTD,EQ
REDINGTON,EQ
REGENCERAM,EQ
REIAGROLTD,EQ
RELAXO,EQ
RELBANK,EQ
RELCAPITAL,EQ
RELCNX100,EQ
RELGOLD,EQ
RELGRNIFTY,EQ
RELIANCE,EQ
RELIGARE,EQ
RELIGAREGO,EQ
RELINFRA,EQ
RELMEDIA,EQ
RENUKA,EQ
REPCOHOME,EQ
REPRO,EQ
RESPONIND,EQ
REVATHI,EQ
RICOAUTO,EQ
RIIL,EQ
RJL,EQ
RKDL,EQ
RKFORGE,EQ
RML,EQ
ROHITFERRO,EQ
ROHLTD,EQ
ROLTA,EQ
ROSSELLIND,EQ
RPGLIFE,EQ
RPOWER,EQ
RPPINFRA,EQ
RSSOFTWARE,EQ
RSWM,EQ
RSYSTEMS,EQ
RUBYMILLS,EQ
RUCHINFRA,EQ
RUCHISOYA,EQ
RUPA,EQ
RUSHIL,EQ
SABERORGAN,EQ
SABTN,EQ
SADBHAV,EQ
SAHPETRO,EQ
SAIL,EQ
SAKHTISUG,EQ
SAKSOFT,EQ
SAKUMA,EQ
SANDESH,EQ
SANGAMIND,EQ
SANGHIIND,EQ
SANGHVIMOV,EQ
SANOFI,EQ
SANWARIA,EQ
SARDAEN,EQ
SAREGAMA,EQ
SASKEN,EQ
SATHAISPAT,EQ
SAVERA,EQ
SBBJ,EQ
SBIGETS,EQ
SBIN,EQ
SBT,EQ
SCHNEIDER,EQ
SCI,EQ
SEAMECLTD,EQ
SEINV,EQ
SELAN,EQ
SELMCL,EQ
SERVALL,EQ
SESHAPAPER,EQ
SEZAL,EQ
SFCL,EQ
SGJHL,EQ
SHAKTIPUMP,EQ
SHALPAINTS,EQ
SHANTIGEAR,EQ
SHARIABEES,EQ
SHARONBIO,EQ
SHARRESLTD,EQ
SHASUNPHAR,EQ
SHILPAMED,EQ
SHILPI,EQ
SHIRPUR-G,EQ
SHIVAMAUTO,EQ
SHOPERSTOP,EQ
SHREECEM,EQ
SHREERAMA,EQ
SHRENUJ,EQ
SHREYAS,EQ
SHRIRAMCIT,EQ
SHRIRAMEPC,EQ
SICAGEN,EQ
SICAL,EQ
SIEMENS,EQ
SIGNETIND,EQ
SIMBHSUGAR,EQ
SIMPLEX,EQ
SIMPLEXINF,EQ
SINTEX,EQ
SIRPAPER,EQ
SITASHREE,EQ
SITICABLE,EQ
SIYSIL,EQ
SJVN,EQ
SKFINDIA,EQ
SKMEGGPROD,EQ
SKSMICRO,EQ
SMARTLINK,EQ
SMLISUZU,EQ
SMOBILITY,EQ
SMSPHARMA,EQ
SOBHA,EQ
SOLARINDS,EQ
SOMANYCERA,EQ
SONASTEER,EQ
SONATSOFTW,EQ
SOTL,EQ
SOUTHBANK,EQ
SPARC,EQ
SPECIALITY,EQ
SPENTEX,EQ
SPIC,EQ
SPYL,EQ
SREINFRA,EQ
SRF,EQ
SRHHYPOLTD,EQ
SRSLTD,EQ
SRTRANSFIN,EQ
SSLT,EQ
SSWL,EQ
STAR,EQ
STCINDIA,EQ
STEL,EQ
STERLINBIO,EQ
STOREONE,EQ
STRTECH,EQ
STYABS,EQ
SUBROS,EQ
SUDAR,EQ
SUDARSCHEM,EQ
SUJANATWR,EQ
SUJANAUNI,EQ
SUMEETINDS,EQ
SUMMITSEC,EQ
SUNCLAYLTD,EQ
SUNDARAM,EQ
SUNDARMFIN,EQ
SUNDRMBRAK,EQ
SUNDRMFAST,EQ
SUNFLAG,EQ
SUNILHITEC,EQ
SUNPHARMA,EQ
SUNTECK,EQ
SUNTV,EQ
SUPER,EQ
SUPERSPIN,EQ
SUPPETRO,EQ
SUPRAJIT,EQ
SUPREMEIND,EQ
SUPREMEINF,EQ
SURANAT&P,EQ
SURYAJYOTI,EQ
SURYALAXMI,EQ
SURYAROSNI,EQ
SUVEN,EQ
SUZLON,EQ
SWANENERGY,EQ
SWARAJENG,EQ
SWELECTES,EQ
SYMPHONY,EQ
SYNCOM,EQ
SYNDIBANK,EQ
TAJGVK,EQ
TAKE,EQ
TALBROAUTO,EQ
TALWALKARS,EQ
TANFACIND,EQ
TANTIACONS,EQ
TARAJEWELS,EQ
TATACHEM,EQ
TATACOFFEE,EQ
TATACOMM,EQ
TATAELXSI,EQ
TATAGLOBAL,EQ
TATAINVEST,EQ
TATAMOTORS,EQ
TATAMTRDVR,EQ
TATAPOWER,EQ
TATASPONGE,EQ
TATASTEEL,EQ
TBZ,EQ
TCI,EQ
TCS,EQ
TDPOWERSYS,EQ
TECHM,EQ
TECHNO,EQ
TECHNOFAB,EQ
TEXINFRA,EQ
TEXMOPIPES,EQ
TEXRAIL,EQ
TFCILTD,EQ
TGBHOTELS,EQ
THANGAMAYL,EQ
THEBYKE,EQ
THEMISMED,EQ
THERMAX,EQ
THINKSOFT,EQ
THIRUSUGAR,EQ
THOMASCOOK,EQ
TI,EQ
TIDEWATER,EQ
TIIL,EQ
TIJARIA,EQ
TIL,EQ
TIMBOR,EQ
TIMETECHNO,EQ
TIMKEN,EQ
TINPLATE,EQ
TIPSINDLTD,EQ
TIRUMALCHM,EQ
TITAN,EQ
TNPETRO,EQ
TNPL,EQ
TORNTPHARM,EQ
TORNTPOWER,EQ
TREEHOUSE,EQ
TRENT,EQ
TRF,EQ
TRIDENT,EQ
TRIGYN,EQ
TRIL,EQ
TRITURBINE,EQ
TRIVENI,EQ
TTKHEALTH,EQ
TTKPRESTIG,EQ
TTL,EQ
TTML,EQ
TUBEINVEST,EQ
TULIP,EQ
TULSI,EQ
TV18BRDCST,EQ
TVSELECT,EQ
TVSMOTOR,EQ
TVSSRICHAK,EQ
TVTODAY,EQ
TWL,EQ
UBENGG,EQ
UBHOLDINGS,EQ
UBL,EQ
UCALFUEL,EQ
UCOBANK,EQ
UFLEX,EQ
UGARSUGAR,EQ
UJAAS,EQ
ULTRACEMCO,EQ
UNICHEMLAB,EQ
UNIENTER,EQ
UNIONBANK,EQ
UNITECH,EQ
UNITEDBNK,EQ
UNITY,EQ
UPERGANGES,EQ
UPL,EQ
USHAMART,EQ
USHERAGRO,EQ
UTTAMSTL,EQ
UTTAMVALUE,EQ
VADILALIND,EQ
VAIBHAVGBL,EQ
VAKRANSOFT,EQ
VALECHAENG,EQ
VALUEIND,EQ
VARDHACRLC,EQ
VARDMNPOLY,EQ
VARUN,EQ
VARUNSHIP,EQ
VASCONEQ,EQ
VENKEYS,EQ
VENUSREM,EQ
VESUVIUS,EQ
VGUARD,EQ
VHL,EQ
VICEROY,EQ
VIDEOIND,EQ
VIJAYABANK,EQ
VIJSHAN,EQ
VIKASGLOB,EQ
VIMALOIL,EQ
VIMTALABS,EQ
VINATIORGA,EQ
VINDHYATEL,EQ
VINYLINDIA,EQ
VIPIND,EQ
VISAKAIND,EQ
VISASTEEL,EQ
VISESHINFO,EQ
VISUINTL,EQ
VIVIMEDLAB,EQ
VKSPL,EQ
VLSFINANCE,EQ
VOLTAMP,EQ
VOLTAS,EQ
VSSL,EQ
VSTIND,EQ
VSTTILLERS,EQ
VTL,EQ
WABAG,EQ
WABCOINDIA,EQ
WALCHANNAG,EQ
WEIZMANIND,EQ
WELCORP,EQ
WELINV,EQ
WELPROJ,EQ
WELSPUNIND,EQ
WHEELS,EQ
WHIRLPOOL,EQ
WINDMACHIN,EQ
WINSOME,EQ
WINSOMEDJ,EQ
WIPRO,EQ
WOCKPHARMA,EQ
WSI,EQ
WSTCSTPAPR,EQ
WYETH,EQ
XLENERGY,EQ
XPROINDIA,EQ
YESBANK,EQ
ZANDUREALT,EQ
ZEEL,EQ
ZEELEARN,EQ
ZEEMEDIA,EQ
ZENITHCOMP,EQ
ZENSARTECH,EQ
ZICOM,EQ
ZODIACLOTH,EQ
ZUARI,EQ
ZUARIGLOB,EQ
ZYDUSWELL,EQ
ZYLOG,EQ
